building_id,meter,total_hours,anomaly_hours,mean_anomaly_score,max_anomaly_score,mean_residual,total_excess,max_streak,anomaly_rate
1398,1,489,241,-3577981700.0,69465726976.0,-0.53046435,112.25265,22,0.49284253
1342,1,88,43,-6383126500.0,27212996608.0,-0.9463494,1.6362388,9,0.48863637
590,0,2203,1074,-5891235000.0,24283672576.0,-0.87342244,12.866368,23,0.48751703
1412,1,638,308,-2826758400.0,39857344512.0,-0.4190895,170.88019,106,0.4827586
260,0,2208,1064,-37206010.0,162964111360.0,-0.0055160923,1339.8058,13,0.48188406
1446,0,2011,955,-2923092500.0,49142296576.0,-0.43337175,265.01172,16,0.47488812
107,0,2206,1005,1.8065501,45.87956619262695,-1.4151758,1988.0149,145,0.4555757
693,0,2206,933,9713196000.0,216060395520.0,-0.72584206,1830.7098,933,0.42293745
217,3,990,363,-0.088373676,33.564640045166016,-0.03262792,775.90283,18,0.36666667
1391,1,788,282,-0.89552975,24.386371612548828,-0.2318818,301.46072,19,0.35786802
216,3,812,269,1523998200.0,112329220096.0,0.22594489,583.2092,43,0.3312808
192,1,2208,727,1847196000.0,283233615872.0,-6.9262724,81.63318,42,0.32925725
29,1,2119,661,-0.24409485,69.93914031982422,-6.0057206,63850.85,24,0.3119396
797,1,212,47,0.8228089,29.022274017333984,34.697502,15410.609,10,0.22169812
799,0,2175,482,1.0885913,12.567951202392578,856.7754,2417576.8,57,0.22160919
1348,1,2114,443,-0.42489368,28.71232032775879,-1.092903,2324.1846,29,0.20955534
1401,1,2114,416,-0.6274007,33.369468688964844,-0.97530323,1203.8873,66,0.19678335
176,3,246,48,-2141033000.0,40128884736.0,-0.31742522,19.194912,8,0.19512194
803,1,313,61,-0.58850473,144.61216735839844,-3.876961,3124.349,7,0.19488817
331,0,2207,420,-0.8867402,373.6317443847656,-0.95702815,7034.1436,56,0.19030358
1366,1,2114,400,-0.028420076,24.52267837524414,-0.49319783,1224.4775,67,0.18921477
1350,1,1968,368,0.7625987,8.154657363891602,-1.5809731,177.21706,25,0.18699187
1362,1,2114,388,-0.27793923,14.958343505859375,-0.8629755,2025.1951,53,0.18353832
795,1,271,47,-1.6979135,70.49188232421875,-15.371436,1132.5593,6,0.17343174
162,1,1303,224,-0.8913609,26.69268226623535,-1.8832215,967.8365,14,0.17191097
687,0,2206,369,-0.07223282,17.148357391357422,-0.5680333,1443.1995,63,0.16727108
1384,1,2114,353,0.38199684,14.668107032775879,-0.5031595,943.1439,23,0.16698202
1379,1,2114,353,-0.33992684,22.16481590270996,-0.87799007,1282.0828,69,0.16698202
206,3,1964,321,0.08095983,17.83988380432129,0.09627915,2025.7947,15,0.16344196
215,3,2113,336,0.2787672,18.385860443115234,-0.18277831,567.68854,61,0.15901561
799,1,423,64,0.031087328,53.675777435302734,1.1623881,13369.632,7,0.15130024
794,1,560,84,0.32426018,139.60568237304688,5.0663853,13074.551,8,0.15
53,0,130,19,-1588320000.0,218304741376.0,-0.23548108,78.854774,9,0.14615385
1383,1,2114,297,-0.21185975,16.736785888671875,-0.9616371,1772.9138,29,0.14049196
1376,1,2114,290,-0.11767331,18.797216415405273,-0.5425191,1447.64,64,0.1371807
1346,2,1989,257,-582349000.0,86434127872.0,-0.08633789,363.35126,3,0.12921067
723,0,2206,283,0.27538773,19.777509689331055,-1.6511722,1754.9607,15,0.1282865
1325,3,2036,254,-0.07658376,37.893367767333984,-4.0985327,7880.63,8,0.12475442
1359,1,2114,261,-0.27996966,12.815866470336914,-0.9088939,1462.2964,24,0.12346263
403,0,311,38,-0.6448126,6.060591697692871,-1.0126374,69.82239,8,0.1221865
1408,1,2114,257,-0.25981697,15.068079948425293,-1.03737,1007.93677,23,0.12157048
177,3,511,62,0.39384353,14.78889274597168,0.44451982,528.5644,5,0.12133072
743,0,2206,267,-0.0035434628,38.24577713012695,-1.0115095,10188.904,7,0.12103354
1332,1,2114,249,-0.18831018,17.209623336791992,-0.39362642,3735.9614,16,0.117786184
1345,1,2103,247,-0.19792809,41.79942321777344,-1.0446815,883.91034,11,0.11745126
233,1,2206,254,-1.3291534,328.8726501464844,-4.862197,6408.717,15,0.11514053
264,3,2021,232,-0.18009919,8.390889167785645,-0.11551932,694.47894,9,0.11479466
798,2,1143,129,0.2181901,42.5211067199707,5.3012733,44250.42,7,0.112860896
250,3,954,106,0.34648862,25.24831771850586,0.5486023,1369.6705,17,0.11111111
560,0,2207,245,0.16512525,22.01775360107422,1.3252993,22491.984,13,0.111010425
1328,1,2114,227,-0.15818681,14.252323150634766,-0.54712415,1490.6499,43,0.10737938
1389,1,2114,227,-0.2093315,11.023036003112793,-1.4268278,3087.1196,23,0.10737938
1380,1,2114,220,-0.1651903,15.339255332946777,-1.1999216,2615.9644,12,0.104068115
797,2,1794,185,0.095638014,60.85252380371094,3.1219144,51786.312,15,0.10312152
210,3,2162,217,0.16599543,10.732226371765137,-0.15419173,1933.0575,22,0.10037003
1407,1,2114,211,-0.19844829,10.030335426330566,-1.0794611,1595.4962,14,0.09981079
796,1,1223,122,-0.08199639,25.411399841308594,-0.38553652,857.6892,9,0.0997547
601,0,2170,210,-0.14880666,13.237923622131348,-0.37448072,820.8225,27,0.09677419
220,3,1577,152,0.3121613,7.173169136047363,0.49236074,1085.7408,93,0.09638554
801,1,2175,206,-0.28558385,45.59297180175781,-9.824069,26119.852,9,0.094712645
1331,3,2114,194,-0.19955266,7.558523178100586,-159.21515,552995.7,15,0.09176916
738,0,2206,199,0.08466764,10.572802543640137,-1.9907676,1013.20184,13,0.09020852
799,2,1277,114,0.26015905,13.748456001281738,24.502157,91312.73,13,0.08927173
284,3,1471,128,-0.08200012,22.216840744018555,-0.12087782,1417.9023,7,0.087015636
1347,1,2114,183,-0.2380393,17.539289474487305,-1.6663287,3855.8647,11,0.086565755
183,3,825,70,-0.32932237,7.754112243652344,-0.31924495,193.06076,10,0.084848486
165,0,2201,177,-0.21627463,18.824440002441406,0.8586461,4216.8296,9,0.08041799
1349,1,2114,167,0.059920084,13.244977951049805,-1.1214534,3888.8838,27,0.078997165
1339,1,2114,164,-0.2885266,9.727794647216797,-1.2042661,2533.0952,10,0.07757805
664,0,2206,166,-0.2772876,10.73984146118164,-0.03409734,2272.9243,15,0.07524932
1329,1,2114,159,-0.124732025,13.532585144042969,-0.10934346,4291.1523,10,0.075212866
9,1,1504,110,-0.2430868,42.1522216796875,-15.013323,10397.305,10,0.0731383
1428,0,2022,147,-0.26642132,10.8475341796875,-0.48970324,1194.0217,6,0.0727003
217,1,2208,159,-0.09219639,14.310420036315918,-2.7732584,9746.862,8,0.07201087
794,3,2147,149,0.13801368,41.741943359375,17.476534,186926.11,17,0.06939916
699,0,2206,152,-0.087409824,9.489666938781738,-1.9309591,1204.6644,10,0.06890299
575,0,2209,150,-0.2816073,8.613439559936523,0.110351436,2214.5571,11,0.067904025
1333,1,2114,142,-0.24645168,9.316627502441406,-0.39024004,1372.1531,41,0.06717124
43,1,1947,129,0.036537886,12.883383750915527,-1.5835404,8050.18,5,0.06625578
802,1,2175,135,-0.12119348,51.685970306396484,-4.58966,8607.862,7,0.062068965
599,0,2209,136,-0.017864577,7.5749053955078125,0.7414331,4004.0,21,0.06156632
739,0,2206,131,-0.049161978,7.52932596206665,-0.48904997,2193.0134,10,0.0593835
793,1,828,49,-0.36369482,36.62306594848633,2.8772001,5221.2666,7,0.059178744
499,0,2207,130,-0.12523828,41.36647415161133,0.8184462,3580.9707,13,0.05890349
335,0,2207,129,-0.12985374,12.833559036254883,-0.6702874,9375.072,8,0.058450386
190,3,2208,129,0.25626108,7.545809745788574,0.81449103,3129.373,8,0.058423914
1326,2,2037,119,-0.029090136,19.14957618713379,-3.1477096,60175.953,3,0.058419243
43,0,2209,129,-0.13661262,9.019737243652344,-0.92777437,994.6378,11,0.058397464
663,0,2206,128,-0.29708207,9.652153015136719,0.8995062,3233.3896,17,0.058023572
187,1,2197,127,-0.26732293,10.60067367553711,-0.65622246,2305.7886,12,0.0578061
1444,0,2026,117,-0.2382631,8.608489036560059,0.11731526,832.1007,9,0.05774926
1405,1,1095,63,-0.038555402,11.842632293701172,-0.674571,892.32666,14,0.057534248
685,0,2201,126,-0.21893011,12.534380912780762,-2.8196268,4404.5415,8,0.057246707
1348,2,2037,116,-0.1759131,14.101444244384766,-39.24328,112487.91,24,0.05694649
236,3,1080,61,0.67348534,6.178240776062012,0.8017737,1140.2886,7,0.05648148
14,1,2119,115,-0.121744916,15.713902473449707,-13.989423,52692.992,5,0.054270882
60,1,2118,114,0.042722408,14.421157836914062,0.7700185,55015.586,6,0.05382436
1367,1,2114,113,-0.037209563,9.752476692199707,-0.8520132,2886.5854,8,0.05345317
76,1,2119,113,-0.27079535,6.3112030029296875,-334.5342,332797.62,26,0.053327043
801,2,2152,111,0.05404487,28.737199783325195,0.78573984,63487.953,8,0.051579926
1344,1,2114,109,0.08978029,8.587714195251465,-1.3125933,1085.998,18,0.05156102
1334,1,2114,109,0.06486811,13.075067520141602,-0.42213506,318.21826,14,0.05156102
109,3,1948,100,-0.2613347,9.282147407531738,-0.7677693,1719.8445,3,0.0513347
1409,1,2108,108,-0.21494569,8.015397071838379,-0.6352275,1296.3735,12,0.051233396
299,0,2207,111,-0.031989,15.56112289428711,-0.69243914,4401.695,6,0.05029452
800,2,2152,108,0.21571025,16.82738494873047,4.2798176,16155.758,19,0.050185874
586,0,2209,110,-0.16558397,11.180700302124023,-0.70321083,2775.3176,13,0.049796287
171,0,2208,107,-0.3119056,13.400280952453613,0.8973375,3078.572,7,0.048460145
1374,1,2110,101,-0.09238677,6.341848373413086,-0.69793296,739.55884,15,0.047867298
636,0,2206,105,0.5130049,3.797619581222534,-1.993541,11.843121,13,0.04759746
28,1,2119,100,0.106057234,10.745058059692383,3.5321612,41239.75,10,0.04719207
385,0,2207,104,-0.15557162,10.110301971435547,-0.736335,1172.6287,22,0.04712279
798,1,2175,102,-0.037622213,23.856658935546875,2.9048843,25691.328,8,0.04689655
222,1,2199,103,-0.19021703,18.0557918548584,-0.43939283,2250.5562,5,0.046839472
226,0,2208,103,-0.08855456,8.905494689941406,0.41768536,2274.5913,16,0.04664855
164,0,2177,101,-0.1962501,7.583399295806885,-0.63892233,1755.1699,12,0.04639412
284,0,2208,102,0.15028977,7.623972415924072,0.10314264,7645.617,14,0.046195652
803,2,2152,99,0.029982148,8.634812355041504,1.1725223,26357.426,8,0.046003718
735,0,2206,101,-0.14542794,7.7396135330200195,-0.55389285,2322.3374,7,0.045784224
1372,1,2114,95,-0.10536837,7.082153797149658,-0.28713745,1488.2947,9,0.044938505
652,0,2206,97,-0.09962247,9.387721061706543,-0.09039804,2911.564,9,0.043970987
798,0,2175,95,0.020398073,11.250326156616211,4.847559,43188.316,8,0.04367816
727,0,2206,96,-0.03819089,8.755520820617676,-0.83140194,2473.5674,6,0.04351768
265,0,2208,95,-0.13891608,11.122751235961914,-0.129178,2462.0562,12,0.043025363
796,0,2175,93,-0.16359873,11.354734420776367,0.2742264,12192.486,8,0.04275862
724,0,2206,94,-0.032802694,6.196715831756592,-2.0050268,1114.3604,7,0.042611063
1386,1,2114,90,0.19773772,7.030059337615967,1.3008378,6284.118,51,0.04257332
75,1,2119,90,-0.028687362,8.36723804473877,-3.7857356,41286.848,4,0.042472865
1434,2,2037,86,-0.055390634,18.552621841430664,-2.3171113,19946.451,9,0.04221895
726,0,2206,93,0.073751,9.009306907653809,-0.5273612,2800.3022,6,0.04215775
188,1,513,21,-0.33637506,9.728941917419434,-0.56267846,263.50198,6,0.040935673
657,0,2206,90,-0.028014962,7.730223655700684,-0.6100959,1910.8444,8,0.040797826
118,0,2206,90,-0.15493661,18.610010147094727,-1.8061506,4685.4106,6,0.040797826
1364,0,2037,83,-0.1534942,7.334014415740967,-0.3768732,1642.8594,12,0.040746197
633,0,2209,90,-0.35638425,5.064459800720215,1.3129059,2903.1475,9,0.040742416
15,1,2119,86,-0.099398606,12.453035354614258,-7.694557,45436.684,6,0.040585183
440,0,2207,89,-0.17757635,10.04655933380127,0.13696326,2496.2505,7,0.040326234
269,0,2208,89,-0.103722714,19.97382354736328,-0.44978422,2176.324,8,0.040307973
1414,2,2037,81,0.033077836,8.200249671936035,3.956545,46264.08,3,0.03976436
1360,2,2037,80,0.10319229,9.324033737182617,1.341446,28376.42,5,0.03927344
802,2,1760,69,-0.033181347,12.097372055053711,-3.748655,34466.508,4,0.039204545
732,0,2206,86,-0.11593495,6.868406295776367,-1.0193667,1178.9504,9,0.03898459
1366,0,2037,79,-0.19225179,7.774951457977295,-0.52280843,1147.972,10,0.038782522
800,0,2175,84,-0.1939103,9.06297492980957,0.27571237,2883.1355,10,0.038620688
121,0,2206,84,-0.10244598,12.034797668457031,-0.57277054,6912.881,8,0.03807797
336,0,2207,84,-0.038458258,7.890022277832031,-0.93542904,1123.707,9,0.038060717
1331,1,2114,80,-0.2576392,7.9377970695495605,-0.055067446,1793.5298,13,0.03784295
249,3,2207,83,0.01679232,16.82428741455078,-0.021039013,6171.882,4,0.037607614
222,0,2208,83,-0.025932824,8.169332504272461,0.39652705,1441.8176,5,0.03759058
254,3,1623,61,0.20675597,8.954071044921875,1.2357044,4451.166,5,0.03758472
162,0,2208,82,-0.21329346,15.403517723083496,-0.5459023,2257.545,8,0.03713768
232,3,2208,82,0.027522402,7.920166015625,1.487186,10675.961,4,0.03713768
793,3,2166,80,-0.031640016,16.425193786621094,2.6626966,22402.129,7,0.036934443
721,0,2206,81,-0.054494504,12.54340648651123,-0.8930132,2137.4146,12,0.03671804
574,0,2209,81,-0.10019676,6.97092866897583,-1.020554,846.241,13,0.036668174
795,3,2158,78,-0.013298859,37.36156463623047,-0.8212463,54109.52,7,0.036144577
1431,0,2037,73,-0.052479386,6.107269763946533,-0.31484944,2483.4375,15,0.035837017
736,0,2206,78,-0.04688924,7.820765018463135,-0.6753543,2326.0093,8,0.035358116
13,1,2119,74,-0.00795273,8.127270698547363,-0.31648576,57895.312,5,0.034922134
262,0,2208,77,-0.08423016,8.768115043640137,0.05858115,1036.3363,13,0.034873188
216,0,2208,77,-0.036789227,10.366455078125,-0.3086832,2776.32,15,0.034873188
40,0,2209,77,-0.102332175,24.493385314941406,-0.6787221,2440.852,7,0.0348574
482,0,2207,76,-0.024263106,10.744301795959473,-0.87502223,13061.942,5,0.034435887
225,0,2208,76,-0.062115207,5.658432960510254,-0.40152285,2689.4663,8,0.03442029
1332,2,2037,70,0.06260461,14.86052417755127,1.2113312,9282.58,7,0.03436426
91,1,2118,72,-0.056519944,13.40888786315918,-3.5183976,55806.016,3,0.033994336
1337,1,2114,70,0.0573284,11.982528686523438,-0.34457138,734.39014,12,0.03311258
678,0,2206,73,0.20067611,8.038309097290039,-1.4542387,1779.408,9,0.033091567
214,0,2208,72,-0.06985078,7.417725563049316,0.39015412,3135.2056,16,0.032608695
1381,2,2037,66,-0.029365264,10.69864273071289,-4.197453,24979.504,8,0.03240059
96,1,2118,68,-0.011943414,7.737346649169922,-6.3232703,69110.12,4,0.03210576
263,0,2208,70,-0.024379209,6.857726573944092,0.008459566,2167.0718,13,0.0317029
31,1,2119,67,0.06819253,8.376032829284668,2.8300045,60012.176,4,0.03161869
1390,1,1175,37,-0.070082985,10.802030563354492,-0.97554356,265.003,9,0.03148936
1433,2,2037,64,0.1433043,7.130673408508301,26.507847,122528.42,6,0.031418752
701,0,2206,69,-0.07168824,6.567704200744629,-0.74997795,2265.499,8,0.03127833
284,1,2208,69,0.046525817,9.018292427062988,-2.8918066,7687.644,6,0.03125
1347,2,2037,62,-0.020521272,9.85654354095459,-6.2409887,25154.424,5,0.030436916
702,0,2206,67,0.008375325,6.452104568481445,0.50013906,2086.7878,9,0.030371714
716,0,2206,67,0.09730701,5.633788108825684,0.50289816,2497.9517,5,0.030371714
323,0,2207,67,-0.10102312,8.405189514160156,-2.092199,4342.4883,5,0.030357951
393,0,2207,67,-0.049729217,7.744070529937744,-1.0665032,1279.6104,9,0.030357951
387,0,2207,66,0.044813707,9.19374942779541,0.16729784,5340.9473,10,0.029904848
166,3,2040,61,0.05830675,7.959676742553711,0.6006023,3824.5347,9,0.02990196
1343,2,2037,60,0.07579517,8.272782325744629,2.2358205,31819.285,3,0.02945508
1436,2,2037,60,0.10809571,6.999250411987305,6.324856,55615.266,3,0.02945508
646,0,2209,64,-0.106901534,8.594549179077148,-0.9054015,1238.8613,9,0.028972385
1330,2,2037,59,0.12752026,7.629069805145264,19.524025,108820.086,6,0.028964164
669,0,2206,63,-0.05836738,7.178233623504639,0.026590588,769.255,20,0.028558478
695,0,2206,63,-0.06706648,6.696920394897461,-0.383811,2123.3328,6,0.028558478
515,0,2207,63,-0.08023605,6.442100524902344,-0.6837776,1406.4626,10,0.028545536
221,3,1507,43,-0.004546461,7.1728644371032715,-0.014729759,2344.2344,9,0.02853351
60,0,2209,63,0.1294479,6.847937107086182,-1.1127013,6421.9917,4,0.028519692
792,2,2175,62,0.24041805,12.017387390136719,46.53476,177085.6,22,0.028505746
1386,2,2037,57,0.15111166,8.397133827209473,10.065096,67477.445,6,0.027982326
449,0,2158,60,-0.092490405,5.111904144287109,-0.050666068,1707.2412,10,0.027803522
280,0,2208,61,-0.1333512,6.5761871337890625,-1.8250762,2215.0574,7,0.027626812
1409,2,2037,56,0.09018658,12.955366134643555,3.4377873,20525.613,4,0.02749141
742,0,2206,60,-0.06917174,8.953598976135254,-0.39190376,3233.2742,4,0.02719855
198,0,2208,60,0.0021472506,9.561346054077148,0.6291151,3579.333,7,0.027173912
250,1,2208,60,0.007568881,12.322937965393066,-2.8043091,4971.132,7,0.027173912
1420,2,2037,55,0.015348396,10.615167617797852,0.103817455,6305.169,4,0.02700049
1437,2,2037,54,0.10687661,8.261933326721191,3.2311192,35368.48,4,0.026509574
88,0,2209,58,-0.062335897,7.730380058288574,-1.0516692,2792.3682,12,0.026256224
1384,0,2037,53,0.16922629,4.9710373878479,-1.2818131,0.9727864,3,0.026018655
78,1,2118,55,0.07449936,9.981741905212402,0.7228291,40619.89,7,0.025967894
30,1,2119,55,0.03866818,8.958780288696289,9.673129,74160.84,4,0.02595564
187,0,2208,57,-0.22122857,7.107808589935303,1.1078103,3646.3809,6,0.025815217
237,0,2208,57,-0.01645132,5.359331130981445,0.74221534,4573.625,9,0.025815217
97,1,2076,53,0.008820647,6.938409805297852,-8.485373,79713.11,5,0.025529865
1385,2,2037,52,0.11733579,8.7573881149292,9.22742,71023.51,6,0.025527736
1412,2,2037,52,0.05216415,7.213318347930908,3.0488677,19254.736,3,0.025527736
252,0,2203,56,-0.33642313,5.7793684005737305,0.06792608,1205.2487,6,0.025419882
221,1,2208,56,0.0035386267,11.300702095031738,-4.4009614,10807.818,4,0.025362318
1336,2,2011,51,0.16833559,9.680039405822754,2.2307887,11424.378,2,0.025360517
39,0,2209,56,-0.07195055,5.696725845336914,-0.31099898,1294.3071,8,0.025350837
1375,2,2037,51,0.0010923812,10.32556438446045,0.25749174,7953.448,3,0.02503682
1408,0,2037,51,-0.11411235,5.785515785217285,-0.119857125,1864.9617,9,0.02503682
676,0,2206,55,0.040895026,7.8490376472473145,-0.47552246,5266.7617,3,0.024932005
353,0,2207,55,-0.04975698,6.726417064666748,-0.47970945,1833.8821,7,0.024920708
254,0,2208,55,0.08103627,8.387271881103516,0.58236754,7867.9854,5,0.02490942
179,0,2208,54,-0.09822743,7.689601898193359,-0.4309461,1807.3594,9,0.024456521
796,2,1441,35,0.003937979,11.780679702758789,-0.012730468,10350.457,3,0.024288688
790,2,1905,46,0.054397274,9.198850631713867,1.8336095,11049.467,3,0.024146982
1369,2,2037,49,0.053433564,8.58769702911377,7.2494574,67883.37,7,0.024054984
1364,2,2037,49,0.101499505,6.19836950302124,3.4941945,33931.188,3,0.024054984
125,0,2206,53,-0.008694047,13.108039855957031,0.9340301,3518.5552,18,0.024025386
475,0,2207,53,-0.055768043,63.20486831665039,-2.5371373,13931.285,11,0.024014499
247,3,2208,53,-0.055891752,8.947482109069824,0.93970436,2938.8452,32,0.024003623
148,0,2206,52,0.035754308,9.685168266296387,-1.1740097,3744.0452,4,0.023572076
334,0,2207,52,-0.031898763,5.341228485107422,-0.21626528,1763.0431,9,0.023561396
598,0,2209,52,-0.13070314,7.3190460205078125,0.03118985,1387.8293,8,0.023540063
20,0,2209,52,-0.046230234,8.17603874206543,-0.99061954,1708.6107,7,0.023540063
378,0,2207,51,-0.16391952,4.883950710296631,-0.59553707,1425.7725,7,0.023108292
204,0,2208,51,-0.02892481,7.7505412101745605,0.24544936,1183.2072,14,0.023097826
708,0,2206,50,-0.0807428,4.780979633331299,-1.1230934,2215.4202,5,0.022665458
1334,0,2037,46,0.029761573,6.321953773498535,-0.5430472,1793.075,11,0.02258223
265,1,1781,40,-0.09147777,13.511488914489746,-1.9384784,2983.5962,5,0.022459293
287,1,2208,49,0.23143739,4.958034992218018,-1.0177479,63.197567,2,0.02219203
236,1,2208,49,-0.014156926,8.024271965026855,-0.46547776,4307.981,7,0.02219203
236,0,2208,49,-0.12244968,10.359278678894043,-0.15700871,1421.8724,7,0.02219203
183,1,2208,49,-0.03887189,8.578877449035645,-2.4603102,3744.714,6,0.02219203
650,0,2208,49,-0.05857429,6.893964767456055,-1.1501201,2362.3806,10,0.02219203
577,0,2209,49,-0.07900841,5.42375373840332,-0.3317986,1473.7333,9,0.022181982
1345,2,2037,45,0.051962942,9.554011344909668,-3.8160367,73842.16,3,0.02209131
209,3,2204,48,0.12667015,7.667961597442627,1.8940922,6802.7095,9,0.021778584
584,0,2209,48,-0.02130634,8.645485877990723,-1.3154114,2413.1973,8,0.021729289
643,0,2209,48,-0.005025341,5.30027961730957,-0.38685155,1316.9282,6,0.021729289
802,0,2175,47,-0.02612961,6.516322612762451,-4.4043007,19967.79,5,0.021609195
254,1,1996,43,-0.009650268,9.18200969696045,1.5416498,10897.754,5,0.021543086
215,1,2062,44,-0.15120879,19.20920181274414,-1.4608839,1492.3029,5,0.021338506
181,0,2206,47,-0.011783654,7.795558929443359,-0.9180985,3175.585,6,0.021305531
450,0,2207,47,-0.035184335,6.867203235626221,-0.34405178,2651.0757,6,0.021295877
535,0,2207,47,-0.19306852,7.809559345245361,0.51199925,2465.8716,22,0.021295877
168,3,2207,47,-0.015046877,8.012275695800781,0.9026604,5160.466,15,0.021295877
25,0,2209,47,-0.053786114,5.3207597732543945,-0.35477707,2152.3286,6,0.021276595
137,0,2206,46,-0.11377911,4.881178855895996,0.029901635,1773.1143,7,0.020852221
333,0,2207,46,-0.042357046,5.78066349029541,-0.5359704,1378.1624,6,0.020842774
288,0,2208,46,-0.23654275,5.652759552001953,0.5939555,2326.8252,8,0.020833334
372,0,2207,45,-0.07534106,6.392831802368164,-0.83840203,1277.1155,12,0.020389669
217,0,2208,45,0.03401281,9.683998107910156,0.16592179,3686.5059,8,0.020380436
228,1,1525,31,-0.048743367,9.116250038146973,-2.320646,1427.8054,10,0.020327868
191,0,1977,40,-0.11569856,6.682712078094482,-0.48635653,1676.7961,11,0.020232676
1407,0,2037,41,0.0057897205,6.148716449737549,-0.604049,1900.272,5,0.02012764
216,1,2194,44,0.007467358,8.089942932128906,-0.21813917,7622.2227,9,0.020054694
132,0,2206,44,-0.12495627,4.656020164489746,-0.030777741,1824.8352,6,0.019945603
472,0,2207,44,-0.07097211,9.08126163482666,-0.32799023,2977.8276,8,0.019936565
69,0,2209,44,-0.3760301,4.981290817260742,2.6433105,6626.631,4,0.019918514
32,0,2209,44,-0.05508919,10.423218727111816,-1.3613589,1887.1908,3,0.019918514
55,1,2119,42,0.11339729,9.995828628540039,6.913249,21659.803,3,0.01982067
1326,0,2037,40,-0.07304583,5.864599704742432,-0.44574875,2193.6436,7,0.01963672
1427,2,2037,40,0.15780857,7.882934093475342,28.176598,112048.94,4,0.01963672
1425,0,2037,40,0.10669372,6.052236080169678,-2.1671636,2385.1528,3,0.01963672
1382,2,2037,40,0.018544286,7.139626502990723,3.5850728,26264.252,3,0.01963672
175,3,1639,32,0.22206871,7.170851230621338,0.60237724,1700.9884,6,0.0195241
674,0,2206,43,-0.020702071,8.48050594329834,-0.876235,4246.5615,4,0.019492295
442,0,2207,43,-0.012169169,7.5735015869140625,-0.36641425,2298.8198,7,0.019483462
179,3,2208,43,0.037154168,7.801905632019043,1.0901877,3112.3264,3,0.019474637
264,0,2208,43,-0.03822975,11.790229797363281,-0.005671622,2021.0415,10,0.019474637
279,0,2208,43,-0.109953776,6.482523441314697,-0.5841377,1339.8915,8,0.019474637
169,3,2196,42,0.073796004,7.014970302581787,-0.4078044,4650.335,3,0.019125683
277,1,2208,42,-0.06355691,8.603361129760742,-0.42616907,1352.8037,7,0.019021738
176,0,2208,42,-0.0855839,4.999627590179443,0.10465081,2305.939,7,0.019021738
208,1,2208,42,-0.359269,5.882909774780273,-0.9045601,1503.7228,4,0.019021738
203,1,2208,42,0.113753304,5.69199275970459,-3.2949865,7008.6934,5,0.019021738
212,1,2208,42,0.047052942,9.133230209350586,0.24486992,32958.227,4,0.019021738
235,0,2208,42,-0.0988798,7.077332973480225,-0.2955142,876.7915,23,0.019021738
210,0,2208,42,0.07941376,11.531211853027344,0.9430393,3190.1384,4,0.019021738
267,0,2208,42,-0.069082074,7.449431896209717,-0.6579737,2010.8793,3,0.019021738
78,0,2209,42,-0.005008719,5.838988780975342,0.95780843,4891.4185,3,0.019013127
630,0,2209,42,-0.107985824,5.823475360870361,-0.505167,952.5981,8,0.019013127
1377,1,2114,40,-0.07371779,13.38679027557373,-0.18041709,2432.7737,6,0.018921476
98,1,2119,40,0.045638986,6.584109783172607,4.0383344,127908.09,8,0.018876828
191,1,2208,41,-0.07701519,9.301151275634766,-2.6341581,2215.9338,7,0.01856884
169,1,2208,41,0.036512047,8.035070419311523,-3.229365,21364.717,4,0.01856884
1394,2,2037,37,0.11063056,7.46107816696167,1.0798485,9953.077,3,0.018163966
136,0,2206,40,-0.16690347,6.863263130187988,-0.0226721,1190.4646,7,0.018132366
396,0,2207,40,-0.10251234,5.689662456512451,-0.360661,1744.725,7,0.01812415
190,0,2208,40,0.05105268,8.050607681274414,0.5403178,2632.3257,13,0.018115941
119,3,2068,37,0.051598616,8.671183586120605,1.3634592,8431.248,3,0.017891683
1431,2,2037,36,0.030610545,8.934682846069336,1.8587822,12475.027,3,0.01767305
168,1,2208,39,0.01019165,6.330780029296875,-2.5100682,11600.839,3,0.017663043
103,1,2119,37,-0.1427786,13.240775108337402,-2.293694,13010.524,5,0.017461067
325,0,2207,38,-0.04049569,6.308477401733398,-0.40843007,1570.4207,9,0.017217943
363,0,2207,38,-0.09043128,7.61557674407959,1.3186071,3152.542,5,0.017217943
360,0,2207,38,-0.13151002,5.392333984375,0.1774447,1758.9719,8,0.017217943
87,0,2209,38,-0.073849,7.66442346572876,0.1547819,2445.1724,6,0.017202353
41,0,2209,38,-0.035204567,9.479926109313965,0.033443313,1603.9663,25,0.017202353
188,0,2184,37,0.0237606,5.813075065612793,-0.11130407,1080.2415,9,0.016941393
141,0,2206,37,-0.068434775,5.538898944854736,-0.35362062,1700.6394,7,0.01677244
120,0,2206,37,0.12773414,5.696484565734863,-0.296814,2661.5059,11,0.01677244
15,0,2209,37,-0.06686134,7.773992538452148,0.45930287,2451.0527,10,0.01674966
589,0,2209,37,-0.13718034,8.982372283935547,-0.6072909,2567.0547,8,0.01674966
1371,0,2037,34,-0.17357709,5.259676456451416,-0.672526,964.5249,7,0.016691213
121,3,1626,27,-0.013082328,45.146697998046875,0.94352305,9931.268,3,0.016605167
668,0,2206,36,-0.020062966,6.448993682861328,0.03143359,2204.5176,8,0.01631913
347,0,2207,36,-0.13070798,7.737179756164551,-0.17374569,3667.165,5,0.016311735
580,0,2209,36,-0.06968109,5.567594528198242,-0.5749793,2371.689,8,0.016296968
376,0,2159,35,0.024360236,5.571132183074951,1.0801933,12533.246,6,0.01621121
1367,0,2037,33,-0.112780295,4.648745536804199,0.6406747,2293.8293,3,0.016200295
1344,2,2037,33,0.068793684,7.3790764808654785,3.212773,19136.834,2,0.016200295
1402,2,2037,33,0.021532169,7.467845439910889,1.1778269,16706.748,2,0.016200295
1381,1,2114,34,0.061565332,6.603298187255859,-0.4074021,670.3225,6,0.016083255
290,0,2208,35,-0.0036255566,6.017903804779053,-1.710367,1481.1311,8,0.01585145
177,0,2208,35,-0.08088367,11.688603401184082,-2.475123,3367.186,6,0.01585145
7,0,2209,35,-0.054980528,7.5590949058532715,0.49828443,3359.3184,5,0.015844274
1438,2,2031,32,0.07427209,8.516709327697754,3.8862665,21927.395,3,0.015755786
1375,1,2114,33,-0.03625424,4.5932087898254395,0.8732624,4154.09,4,0.015610218
495,0,2207,34,-0.12976335,5.026467800140381,-0.4418694,1750.2317,4,0.015405528
279,1,2208,34,0.03325181,5.256136894226074,0.7516806,2763.019,3,0.015398551
102,0,2209,34,-0.08844817,5.382458686828613,-0.71536595,600.167,7,0.01539158
195,1,2080,32,0.15838322,6.060175895690918,0.03268091,894.2941,6,0.015384615
644,0,2158,33,-0.071948476,7.113640308380127,-3.182374,3356.1948,3,0.015291937
1342,2,2037,31,-0.085143164,8.375105857849121,0.6798549,3237.558,3,0.015218458
1348,0,2037,31,-0.114048734,8.510048866271973,-1.8186349,3559.8286,2,0.015218458
1413,2,2037,31,0.02369835,6.683284759521484,1.1112714,10323.195,2,0.015218458
790,1,2175,33,-0.070957586,14.79265022277832,-2.7806315,2936.1128,6,0.015172414
419,0,2207,33,-0.21858783,8.903950691223145,-0.057425197,3683.4473,6,0.014952424
295,0,2207,33,-0.077219784,6.1278886795043945,-0.7700673,1422.1672,7,0.014952424
679,0,2206,32,-0.107807934,6.179440975189209,0.1913682,1938.0292,3,0.014505893
675,0,2206,32,-0.0626594,5.338497161865234,-0.18299751,4443.6924,3,0.014505893
730,0,2206,32,-0.066578016,4.9893717765808105,-0.4374644,2381.317,7,0.014505893
452,0,2207,32,0.00024693052,5.5620880126953125,-0.46554825,2851.6577,6,0.014499321
1404,1,1322,19,-0.028548969,6.30353307723999,-0.96785635,160.19417,2,0.014372163
1332,0,2037,29,-0.06772961,7.90279483795166,-0.50967246,2923.2214,3,0.0142366225
1390,2,2037,29,0.0055061015,17.390525817871094,0.74998146,10254.158,2,0.0142366225
7,1,1348,19,0.027909502,5.982262134552002,-6.1974845,54346.906,2,0.014094955
677,0,2206,31,-0.35323745,4.739907264709473,0.039314,1214.4224,2,0.014052584
443,0,2207,31,-0.119475394,5.468477249145508,-0.89744425,2404.2734,8,0.014046216
172,0,2208,31,-0.025827873,8.830254554748535,0.106620856,2736.9707,6,0.014039855
3,0,2209,31,-0.046268556,7.855144500732422,-0.41089535,3382.0125,4,0.014033499
28,0,2209,31,-0.10645272,6.107504844665527,-0.23481181,1560.0398,7,0.014033499
1438,0,2037,28,-0.026551925,7.709559917449951,-0.24345155,2911.149,3,0.013745705
481,0,2207,30,0.017203985,6.228783130645752,-0.034690917,4494.589,4,0.013593113
366,0,2207,30,-0.09860692,5.036772727966309,-0.17560494,618.85565,3,0.013593113
380,0,2207,30,-0.016925287,6.064038276672363,-0.44068822,2591.787,6,0.013593113
205,1,2208,30,-0.10783319,6.664368629455566,-1.1231042,2090.5,6,0.013586956
234,3,2208,30,0.19342975,4.041982173919678,-0.024636697,1126.04,20,0.013586956
255,0,2208,30,-0.022404887,4.948500633239746,-0.6109476,937.1096,5,0.013586956
275,0,2208,30,-0.07640011,8.853507995605469,-0.15707618,2087.895,8,0.013586956
183,0,2208,30,0.04472344,9.5802583694458,-1.3514559,1919.8074,2,0.013586956
29,0,2209,30,-0.1460453,5.648353099822998,-1.9874985,3608.5825,4,0.013580806
1336,0,2037,27,-0.17854443,4.427220821380615,-0.29678294,1684.6699,4,0.013254787
190,1,1823,24,-0.00812006,12.10014533996582,-1.7335675,3643.887,5,0.013165113
108,0,2206,29,-0.036437508,9.679194450378418,-1.1730338,2919.2656,10,0.0131459655
425,0,2207,29,-0.08654879,8.879617691040039,-0.2825764,3103.4937,5,0.013140009
448,0,2207,29,0.040291738,5.813125133514404,0.3453261,11297.29,4,0.013140009
392,0,2207,29,-0.11781616,5.271886348724365,-0.19256753,1759.4143,6,0.013140009
311,0,2207,29,-0.14003563,4.952392101287842,-0.79613984,1588.3563,5,0.013140009
202,1,2208,29,0.1313412,7.154721736907959,-1.308121,4836.3037,6,0.013134058
246,1,2208,29,-0.013519742,9.806848526000977,-3.136281,6880.8965,3,0.013134058
792,1,2017,26,0.10692661,5.728821277618408,5.129645,38218.414,2,0.012890431
1425,2,2037,26,0.055021487,9.57497787475586,2.7478874,21733.053,2,0.012763868
1338,2,2037,26,0.0032305787,12.406932830810547,-0.26333523,5349.146,2,0.012763868
1341,2,2037,26,0.036975797,5.9644083976745605,1.5694318,49009.465,4,0.012763868
1366,2,2037,26,-4.5993682e-05,13.26713752746582,0.64313275,9090.327,3,0.012763868
1363,2,2037,26,0.026449122,11.004156112670898,0.3899948,13792.06,1,0.012763868
1393,0,2037,26,0.019234981,5.059871673583984,0.7932505,4074.8054,1,0.012763868
1381,0,2037,26,-0.016193178,6.2636494636535645,-0.34186628,1261.3577,6,0.012763868
248,3,1098,14,0.09132102,4.085367202758789,0.4067497,1633.9873,2,0.012750455
696,0,2206,28,0.007999582,5.358656883239746,0.54770446,2029.3494,4,0.012692656
733,0,2206,28,-0.13287395,5.669522285461426,-0.17998894,2272.731,7,0.012692656
111,0,2206,28,-0.013019986,6.757761478424072,-3.4785943,2063.2917,4,0.012692656
489,0,2207,28,0.0189165,9.29611873626709,-1.0263388,5545.296,3,0.012686905
47,0,2209,28,0.021730894,5.434696197509766,-0.7538663,2406.357,6,0.0126754185
1362,0,2037,25,-0.047936887,5.164621829986572,-0.6755785,2537.4402,8,0.01227295
1335,0,2037,25,-0.032975815,5.267667293548584,-1.6862788,2147.1763,9,0.01227295
300,0,2207,27,0.055569075,5.389891147613525,0.31953573,3566.5115,5,0.012233801
224,1,2208,27,-0.06525061,7.581477165222168,-1.4300877,3835.7393,5,0.012228261
248,1,2208,27,-0.019346235,6.800431728363037,-1.1925148,4371.029,9,0.012228261
570,0,2209,27,-0.09560565,5.39883279800415,-1.2913735,1891.6594,10,0.012222725
605,0,2209,27,-0.030912193,5.050510406494141,0.047460746,1370.4424,3,0.012222725
569,0,2209,27,0.013884325,5.310914039611816,0.041799176,4705.4663,2,0.012222725
789,1,2051,25,-0.24605235,5.146679401397705,-0.6039194,2469.8228,5,0.012189176
191,3,841,10,0.016035547,4.165610313415527,1.2396855,1493.412,3,0.011890606
1396,2,2037,24,0.016313942,7.957373142242432,1.094835,16155.235,5,0.011782032
1337,2,2037,24,-0.007011744,6.801392555236816,1.397519,39747.688,2,0.011782032
410,0,2207,26,-0.19361934,5.084811210632324,-0.69028145,1838.312,5,0.011780698
287,0,2208,26,-0.06535517,5.3799591064453125,-0.4295942,1062.901,7,0.011775362
246,3,2208,26,-0.032202426,6.369123935699463,0.83529675,4965.4697,11,0.011775362
9,0,2209,26,-0.1422641,4.915942192077637,-0.4592446,1112.4536,4,0.011770031
627,0,2209,26,-0.084549755,5.108608245849609,-0.13913347,1363.763,3,0.011770031
175,1,1965,23,-0.035435315,8.086629867553711,-2.0765254,4261.221,2,0.011704834
483,0,2087,24,0.04268914,8.873769760131836,-1.5305867,5530.586,4,0.011499761
1327,2,437,5,-0.1479958,5.065281867980957,-59.38356,19094.088,2,0.011441648
681,0,2206,25,-0.11727371,5.063488006591797,-0.4733676,1318.1064,4,0.011332729
549,0,2207,25,-0.12883753,6.849248886108398,0.14835757,1359.5708,4,0.011327594
382,0,2207,25,-0.10987526,5.67177677154541,-0.16442071,2243.4353,4,0.011327594
418,0,2207,25,-0.12883916,6.356999397277832,-0.47448847,3101.7725,7,0.011327594
195,0,2208,25,-0.09379729,8.998907089233398,-0.3954508,213.22226,13,0.011322464
170,1,2208,25,-0.14088397,5.804541110992432,-0.8402871,3251.059,5,0.011322464
200,1,2208,25,0.073903605,5.873412132263184,-1.7669895,5315.273,3,0.011322464
614,0,2209,25,-0.06098781,6.131186008453369,-0.39101666,2187.1948,3,0.011317338
588,0,2209,25,0.024566708,5.074322700500488,0.25190753,1746.6477,7,0.011317338
1378,2,2037,23,0.066347644,7.77372407913208,10.924924,46734.973,1,0.011291115
1383,2,2037,23,0.049447235,5.340756893157959,1.963726,42756.406,2,0.011291115
1367,2,2037,23,0.07052452,7.314272403717041,2.8603983,14423.646,4,0.011291115
500,0,2087,23,0.021408292,8.208890914916992,-0.2076325,4480.9346,10,0.011020604
214,1,2207,24,-0.102549076,6.1732048988342285,-0.10189517,703.942,12,0.01087449
239,3,2208,24,-0.025616767,5.8432087898254395,1.3443519,4722.685,5,0.010869565
234,0,2208,24,-0.06871419,8.707345962524414,-0.17522341,2011.8801,5,0.010869565
618,0,2209,24,-0.022073269,6.255782127380371,-0.24938622,2268.2593,3,0.010864644
1387,0,2037,22,0.005905673,7.115204811096191,-0.100777894,2257.2568,2,0.010800197
1406,2,2037,22,0.075289585,15.262627601623535,4.929176,46725.53,2,0.010800197
1360,0,2037,22,0.041174512,4.737255573272705,0.45946816,3501.7173,2,0.010800197
602,0,1618,17,-0.04576262,10.644806861877441,-0.8770107,8289.417,2,0.0105067985
212,3,2002,21,0.029048476,7.554049968719482,1.5594552,6562.0864,1,0.01048951
744,0,2206,23,0.031124972,10.430517196655273,-0.61245966,1912.352,8,0.010426111
562,0,2207,23,-0.0032808834,8.130640029907227,-1.7270985,5615.096,3,0.010421387
327,0,2207,23,-0.0026290633,6.165308952331543,-0.0093748355,2719.1917,6,0.010421387
210,1,2208,23,0.019628525,5.9374213218688965,-2.4098735,3916.1167,3,0.010416667
166,1,2208,23,-0.012070816,7.197451114654541,-3.850813,12503.787,2,0.010416667
374,0,2208,23,-0.022400972,6.634896278381348,-0.514555,3579.698,5,0.010416667
237,1,2208,23,-0.018986316,9.59455394744873,-2.2271008,2008.354,3,0.010416667
250,0,2208,23,0.012016449,5.236968994140625,0.736127,3900.4758,6,0.010416667
0,0,2209,23,-0.1515187,5.013252258300781,-0.47951618,1915.8688,4,0.010411951
1411,1,797,8,-0.020972272,4.231766700744629,-0.2702358,272.5183,2,0.010037641
355,0,2207,22,0.041391198,6.646968841552734,0.025540523,3213.6658,8,0.009968283
175,0,2208,22,-0.11709776,7.05187463760376,-0.40735894,2472.9482,5,0.009963769
220,1,2208,22,0.08279004,8.021190643310547,-0.2192694,10194.904,3,0.009963769
595,0,2209,22,0.1458946,6.24338960647583,-1.7195481,2543.0413,3,0.009959257
1343,1,2114,21,-0.077998154,5.154841899871826,-0.71085787,4094.6313,3,0.009933775
1397,1,507,5,0.120413534,3.9491970539093018,0.2339671,495.47638,3,0.009861933
171,1,1726,17,0.0570924,5.401051044464111,-2.186424,2893.937,3,0.009849363
1377,2,2037,20,0.014628194,5.082404613494873,-0.7180354,20125.941,2,0.00981836
1437,0,2037,20,-0.05490857,5.942140102386475,4.259145,14039.4,2,0.00981836
1329,0,2037,20,-0.03534091,6.601729393005371,0.5927109,3034.5525,8,0.00981836
447,0,2207,21,-0.10887242,6.014138221740723,-0.61694294,1893.0604,4,0.009515179
445,0,2207,21,-0.05538776,5.717551231384277,-0.4035643,2523.1729,4,0.009515179
361,0,2207,21,-0.038542423,4.766876220703125,-0.373395,435.27478,4,0.009515179
293,0,2207,21,0.019815994,5.401537895202637,-0.60836077,8416.906,3,0.009515179
208,0,2208,21,-0.052947238,5.133876800537109,-0.3813698,1236.9993,8,0.009510869
181,1,2208,21,-0.07922873,5.934137344360352,-2.183974,3426.2224,3,0.009510869
85,0,2209,21,-0.021700159,5.178842067718506,0.0687944,1924.9855,6,0.009506564
91,0,2209,21,0.010737916,5.6726975440979,-0.34074014,2177.0671,2,0.009506564
255,3,849,8,0.124027416,4.607741832733154,0.6423909,911.82947,3,0.009422851
206,1,1706,16,0.027762638,7.969414234161377,-2.8218315,2293.4988,2,0.009378663
1418,2,2037,19,0.1133285,5.406610488891602,3.0218682,15595.193,3,0.009327442
1442,0,2037,19,-0.07144942,4.649797439575195,-0.50246364,1655.3796,5,0.009327442
1379,2,2037,19,0.10449666,7.933047294616699,2.4841065,16054.109,3,0.009327442
1384,2,2037,19,0.03825187,5.639099597930908,1.936412,11298.041,2,0.009327442
253,3,1510,14,0.083143085,7.120511054992676,0.43012214,1224.4315,2,0.009271523
201,1,2198,20,-0.07984376,7.574126720428467,-0.9746769,10555.295,4,0.009099181
1361,2,1873,17,0.043343253,5.096332550048828,4.074022,38828.527,1,0.0090763485
290,1,1876,17,0.07804604,7.501338958740234,-1.5858064,4000.9705,3,0.009061834
286,0,2208,20,0.034254353,4.881599426269531,0.5485181,1624.301,6,0.009057971
172,1,2208,20,-0.010056566,6.672756671905518,-2.7662933,3576.4434,2,0.009057971
234,1,2208,20,0.038323797,8.257433891296387,-0.43864542,9764.461,5,0.009057971
65,0,2209,20,-0.042670153,4.641343593597412,-0.51763666,1612.0062,6,0.00905387
1410,1,2114,19,-0.16349809,4.22313928604126,-0.538641,2053.725,5,0.0089877015
1359,0,2037,18,-0.023912607,4.574524402618408,-0.14600126,2348.9692,3,0.008836525
1376,0,2037,18,-0.06362484,5.965221881866455,0.32222655,3476.6416,4,0.008836525
1427,0,2037,18,0.0037625898,6.163807392120361,-0.87623084,1392.6704,3,0.008836525
1368,0,2037,18,0.076470174,6.66095495223999,-0.37031108,4705.3613,4,0.008836525
607,0,2194,19,-0.12186463,5.69908332824707,0.03758884,1425.2373,2,0.008659982
192,3,2085,18,-0.041105103,7.214930057525635,1.007285,2632.088,3,0.008633094
249,1,2208,19,0.011558925,9.619532585144043,-2.0038054,9360.928,3,0.008605072
241,0,2208,19,-0.0123412395,6.985302448272705,-0.3033821,1632.9814,4,0.008605072
10,0,2209,19,0.08534601,6.188246250152588,-1.0911607,6690.8545,3,0.008601177
68,0,2209,19,0.0038933565,5.78262186050415,0.27762434,1288.8198,2,0.008601177
571,0,2209,19,-0.013570668,5.405664920806885,-1.5577502,1149.7783,9,0.008601177
16,0,2209,19,-0.02842912,5.179308891296387,1.2798995,5994.8887,2,0.008601177
52,0,2209,19,-0.04525409,6.278588771820068,-0.34065485,2017.7733,7,0.008601177
1363,1,2114,18,-0.116547726,5.569691181182861,-0.20024551,924.4967,10,0.008514664
1430,2,2037,17,0.063339174,4.672111511230469,1.4763105,8700.569,2,0.008345607
1440,0,2037,17,-0.0063361553,6.275714874267578,-0.45549858,3253.7178,4,0.008345607
1426,2,2037,17,0.038332146,5.886080741882324,-0.36724275,7149.5747,2,0.008345607
189,1,1698,14,-0.08240996,5.8023271560668945,-0.24014068,1052.7627,3,0.008244994
240,0,2208,18,-0.00226898,11.596024513244629,-0.42453414,1491.2191,3,0.008152174
519,0,2208,18,0.03510983,5.296645164489746,3.9656205,22684.434,3,0.008152174
199,0,2208,18,-0.019420821,14.343010902404785,-0.41183645,1150.0981,5,0.008152174
30,0,2209,18,0.02530612,5.809431552886963,0.12807003,3006.0205,3,0.008148484
585,0,2209,18,0.03698933,4.382731914520264,-1.167484,1475.521,2,0.008148484
1420,0,2037,16,0.006001849,7.32697057723999,-1.0553997,2615.1519,9,0.007854688
794,0,2175,17,0.037411615,4.629898548126221,12.023898,104201.81,4,0.007816092
128,0,2206,17,-0.093141705,4.544524669647217,0.025766555,1906.3533,2,0.0077062557
552,0,2207,17,-0.0265831,5.134134769439697,0.076561265,1694.9153,8,0.007702764
328,0,2207,17,0.003778744,5.466485500335693,-1.0774118,1453.2134,10,0.007702764
306,0,2207,17,-0.08635187,4.933540344238281,-0.17040125,1911.6512,4,0.007702764
486,0,2207,17,-0.05637877,5.505953788757324,0.08353488,3365.9412,3,0.007702764
407,0,2207,17,0.028082507,5.428952217102051,-1.2063974,9344.663,2,0.007702764
291,0,2207,17,0.04410689,5.856140613555908,0.23127083,2245.1445,4,0.007702764
163,0,2208,17,-0.008288723,4.990413665771484,-0.10660354,2316.788,5,0.0076992754
198,1,2208,17,0.047020644,7.7450175285339355,-2.4761376,3549.537,3,0.0076992754
248,0,2208,17,-0.032743715,5.299333572387695,-0.2616187,2320.1426,4,0.0076992754
42,0,2209,17,-0.059446853,8.104752540588379,0.8640975,5172.032,2,0.00769579
263,1,914,7,-0.022916645,5.82868766784668,-1.6996202,1369.3792,2,0.007658643
1326,1,2114,16,-0.036725726,5.405879020690918,-0.37749085,297.1959,1,0.0075685903
163,1,1215,9,-0.02955304,5.9542059898376465,-2.1710513,1903.8582,3,0.0074074073
583,0,1898,14,0.026503032,5.1594085693359375,-0.46476597,5321.831,3,0.0073761856
1403,0,2037,15,-0.026057106,4.439869403839111,-0.70244503,1794.0896,4,0.00736377
1325,0,1903,14,0.00039505007,4.547811508178711,0.15123802,759.0824,3,0.0073568053
267,1,1638,12,-0.02756396,4.610429763793945,-0.5904309,3209.7627,2,0.0073260074
649,0,2205,16,0.038623407,4.375265121459961,0.53338736,4653.4253,5,0.007256236
667,0,2206,16,0.16161503,4.409819602966309,-0.5190951,549.06946,2,0.0072529465
129,0,2206,16,-0.07541487,4.752868175506592,-0.032757632,2076.9219,2,0.0072529465
474,0,2207,16,0.039758626,4.62835168838501,-0.67169625,236.0232,6,0.0072496603
405,0,2207,16,-0.054109704,5.0998382568359375,-0.059217956,2507.8438,4,0.0072496603
351,0,2207,16,-0.02358036,4.463204383850098,-0.70686805,1620.2501,4,0.0072496603
227,0,2208,16,0.11020845,5.6135029792785645,-0.2805424,570.17004,3,0.007246377
113,3,2072,15,-0.012383846,5.978625297546387,-0.6804761,830.8965,5,0.0072393822
195,3,418,3,-0.0061976546,4.273560047149658,0.8753192,404.04922,1,0.0071770335
1329,2,1686,12,-0.040287882,5.011421203613281,0.5916678,4734.7583,2,0.0071174377
167,3,579,4,-0.020307478,3.974144458770752,1.9675224,1295.5564,4,0.006908463
1410,0,2029,14,-0.1251966,5.898242473602295,-0.20490311,344.48575,2,0.0068999506
1411,0,2037,14,-0.12413227,4.771236896514893,-0.29766974,313.4184,2,0.0068728523
1350,2,2037,14,0.10914599,4.981403827667236,2.9591632,10031.966,2,0.0068728523
626,0,2205,15,0.018138891,5.468194484710693,-0.023247935,3203.8003,2,0.006802721
135,0,2206,15,-0.0991927,4.324975490570068,0.09707786,1483.5074,6,0.0067996373
719,0,2206,15,0.0730379,4.829612731933594,0.17852098,1329.2466,2,0.0067996373
151,0,2206,15,-0.07765298,5.162328720092773,-0.3028621,1399.0513,6,0.0067996373
444,0,2207,15,-0.20396647,5.1551337242126465,-0.38495043,68.76137,3,0.0067965565
213,1,2208,15,-0.12603992,4.497349739074707,-1.9143956,2318.686,4,0.006793478
276,0,2208,15,-0.0043742443,9.768796920776367,-0.31857845,2183.293,8,0.006793478
202,0,2208,15,0.06922825,4.715646266937256,-1.0209452,1921.1567,2,0.006793478
219,0,2208,15,0.01211841,8.29334545135498,0.94862247,3185.358,4,0.006793478
59,0,2209,15,-0.05019926,7.249894142150879,0.6931554,5562.068,5,0.006790403
623,0,2209,15,-0.060357932,5.075705051422119,0.07140812,1235.7659,4,0.006790403
72,0,2209,15,-0.09086886,5.720242500305176,0.29079944,1476.9287,1,0.006790403
603,0,2209,15,-0.032326955,8.025568962097168,-1.2315375,813.71796,7,0.006790403
624,0,2209,15,-0.06973918,4.304582595825195,-0.17189234,1590.31,5,0.006790403
36,0,2209,15,0.007083218,4.36661958694458,-0.57401085,1638.1382,5,0.006790403
1400,1,2105,14,0.11614965,4.273808002471924,-0.63446254,644.1368,4,0.0066508316
1368,1,2114,14,0.06381218,4.436800003051758,-0.261885,1048.5466,5,0.0066225166
1394,0,2037,13,-0.10449382,4.552004814147949,0.27030137,1367.7493,2,0.006381934
1387,2,2037,13,0.019430997,7.4510111808776855,6.2270384,20358.05,3,0.006381934
154,0,2206,14,0.07433347,5.823170185089111,-0.61589307,2300.5977,3,0.006346328
133,0,2206,14,-0.060683526,7.347850799560547,0.34597936,2356.7085,2,0.006346328
691,0,2206,14,0.2160393,4.332690238952637,-0.76578254,299.23026,3,0.006346328
512,0,2207,14,-0.08135927,5.6344757080078125,-0.31123713,278.67297,2,0.0063434527
386,0,2207,14,-0.0062292716,4.252039432525635,-0.22294064,1086.549,2,0.0063434527
471,0,2207,14,-0.00862886,4.893736839294434,-0.0531796,2656.88,5,0.0063434527
621,0,2208,14,-0.100847386,5.347039699554443,0.021568542,940.1761,2,0.0063405796
86,0,2209,14,-0.16644737,5.456496715545654,0.21686673,1863.3333,3,0.0063377093
801,0,2175,13,-0.11513805,5.512468338012695,17.051487,100127.05,3,0.0059770113
147,0,2206,13,-0.03927916,5.363855361938477,-0.0878297,3132.1929,1,0.005893019
114,0,2206,13,0.03239631,9.144160270690918,0.95918924,13743.805,2,0.005893019
671,0,2206,13,0.25540116,4.442590713500977,-0.5498836,293.618,2,0.005893019
656,0,2206,13,-0.054934133,4.392003536224365,0.051412143,1500.3638,1,0.005893019
1406,0,2037,12,-0.04691066,7.122531890869141,-0.68081504,2088.5723,3,0.005891016
1331,2,2037,12,-0.003864897,7.795248031616211,-84.93849,98351.516,4,0.005891016
1358,2,2037,12,0.0899658,6.217098712921143,1.8938328,12655.78,1,0.005891016
1439,0,2037,12,-0.03515267,5.2444915771484375,0.6408879,3137.5073,2,0.005891016
413,0,2207,13,-0.21000816,5.398540496826172,-0.47656837,50.905266,4,0.005890349
538,0,2207,13,-0.06122143,5.433977127075195,-0.46742028,325.10953,1,0.005890349
455,0,2207,13,-0.10205626,4.481845378875732,-0.12008675,1535.9186,4,0.005890349
490,0,2207,13,-0.04354822,4.989277362823486,-0.21475819,3118.1008,4,0.005890349
491,0,2207,13,-0.043247227,6.388271331787109,-0.3939431,2265.7598,5,0.005890349
167,0,2208,13,-0.039106604,12.135719299316406,-0.29789475,1576.8772,1,0.005887681
169,0,2208,13,-0.021301473,8.495124816894531,1.0059317,5784.004,3,0.005887681
264,1,2208,13,-0.053553388,7.236962795257568,-1.1588169,2932.4927,4,0.005887681
253,0,2208,13,-0.00931306,15.673020362854004,-0.28887135,1204.0745,3,0.005887681
224,0,2208,13,-0.006628324,8.485713005065918,-0.6881653,4730.38,2,0.005887681
639,0,2209,13,0.04136851,7.659981727600098,-0.0306204,1116.0698,2,0.0058850157
13,0,2209,13,-0.05856768,4.318799018859863,-0.23990391,1858.4622,2,0.0058850157
93,0,2209,13,-0.03936318,4.774101734161377,-0.114525,1509.9191,7,0.0058850157
1396,1,524,3,0.18931542,4.750137805938721,0.5694945,836.1013,1,0.005725191
92,1,2119,12,0.0030415119,5.5756683349609375,1.7317579,6879.9805,3,0.0056630485
800,1,180,1,0.27343136,3.9675559997558594,2.0402002,734.9402,1,0.0055555557
789,2,2175,12,0.088782966,5.245002269744873,3.8883278,11073.509,2,0.0055172415
709,0,2206,12,0.044546656,4.526162147521973,0.4324453,1756.2898,4,0.00543971
673,0,2206,12,-0.006776217,4.386238098144531,1.407775,4074.293,4,0.00543971
453,0,2207,12,-0.036884528,6.015373229980469,-0.023588661,805.3101,3,0.005437245
546,0,2207,12,-0.05962848,6.116715908050537,2.3409598,22549.637,5,0.005437245
224,3,2208,12,-0.022042777,4.655404090881348,1.3016028,4795.0967,3,0.0054347827
213,3,2208,12,0.08901031,11.866045951843262,0.6028214,2757.4792,6,0.0054347827
629,0,2209,12,-0.080592036,4.954859256744385,0.89210784,2898.2002,3,0.005432322
64,0,2209,12,0.030994494,4.419459819793701,-0.66916025,1631.7025,4,0.005432322
593,0,2209,12,-0.04325275,6.520455837249756,-0.18190347,2551.2593,3,0.005432322
1392,2,2037,11,0.033551272,5.484464168548584,10.170669,60675.527,2,0.0054000984
1341,1,2092,11,-0.1466451,6.14772367477417,-0.8020274,457.21417,1,0.005258126
684,0,2206,11,-0.0043582423,4.938827991485596,-0.2321556,3155.0962,2,0.0049864007
226,1,2208,11,0.045203473,5.162686347961426,-1.3623556,2710.85,4,0.0049818843
255,1,2208,11,-0.08250112,5.541057109832764,-1.170975,1972.6152,5,0.0049818843
247,0,2208,11,0.021366365,6.998646259307861,-0.0036690892,2698.6123,5,0.0049818843
215,0,2208,11,-0.016552873,4.480461120605469,-0.35270557,988.7064,4,0.0049818843
54,0,2209,11,-0.030946001,5.316915035247803,-0.46290073,1714.4016,5,0.0049796286
1405,2,2037,10,0.049523965,4.915399074554443,3.4287374,13475.704,1,0.00490918
1424,2,2037,10,-0.0030491021,6.324422359466553,1.1227157,6656.661,2,0.00490918
1358,1,2114,10,-0.017817084,4.526668548583984,0.41284254,2533.4507,3,0.004730369
1388,1,2114,10,-0.02590076,4.194734573364258,-0.69157743,2747.9287,1,0.004730369
95,1,2118,10,-0.010712985,4.484738826751709,-16.358812,77750.0,5,0.0047214353
795,0,2175,10,-0.05898051,5.931942939758301,15.396893,73141.91,2,0.004597701
202,3,2205,10,-0.03304534,4.384642124176025,1.3348439,4311.168,1,0.0045351475
124,0,2206,10,-0.076301135,5.178282260894775,-1.1947247,828.921,3,0.0045330916
123,0,2206,10,0.015441049,4.591378211975098,-0.06336696,2420.1072,2,0.0045330916
707,0,2206,10,-0.02972261,4.962348461151123,1.2943975,3473.275,4,0.0045330916
435,0,2207,10,-0.09503068,4.504150390625,0.06352673,1983.3079,3,0.0045310375
302,0,2207,10,-0.029695263,5.627094268798828,-0.2079164,1205.1636,5,0.0045310375
542,0,2207,10,-0.066509485,4.673337459564209,-0.31525096,1741.5985,3,0.0045310375
228,0,2208,10,-0.04066894,5.825364589691162,-0.40831637,905.71466,4,0.0045289854
168,0,2208,10,0.034439407,10.568925857543945,-1.097039,3347.866,1,0.0045289854
610,0,2209,10,-0.13833836,4.8412652015686035,-0.45462945,2327.8298,3,0.004526935
616,0,2209,10,-0.069953345,4.2301788330078125,-0.6636726,1607.5294,3,0.004526935
1443,0,2037,9,-0.020337373,4.677090644836426,0.18311614,1797.8531,2,0.0044182623
1339,0,2037,9,-0.015716486,4.24839448928833,-0.17049764,1711.978,2,0.0044182623
654,0,2205,9,-0.132742,4.618560314178467,0.42475343,1504.9368,1,0.0040816325
409,0,2207,9,0.00918682,6.163630485534668,0.3486207,3872.9429,2,0.0040779337
548,0,2207,9,-0.04257094,4.120734214782715,-0.0433952,1056.4149,1,0.0040779337
348,0,2207,9,-0.041401725,5.406028747558594,0.037801962,834.3735,4,0.0040779337
193,0,2208,9,-0.088320345,4.152064323425293,-0.033242717,949.579,3,0.004076087
239,0,2208,9,-0.07637793,10.672574996948242,0.298383,2366.716,1,0.004076087
243,0,2208,9,-0.07889048,16.54026222229004,0.68587255,2038.3702,2,0.004076087
200,0,2208,9,0.015201674,5.512636184692383,0.35724616,3398.35,1,0.004076087
592,0,2208,9,-0.09648031,4.255743980407715,0.07974641,4307.4277,1,0.004076087
274,0,2208,9,0.008732344,4.272092819213867,0.14488515,1775.946,2,0.004076087
209,1,2208,9,0.04313559,4.643495082855225,-3.540462,29860.809,4,0.004076087
640,0,2209,9,0.03658413,4.868807792663574,-1.0401155,2607.0464,2,0.004074242
31,0,2209,9,-0.030084385,4.9988908767700195,-0.46257827,1905.3599,1,0.004074242
597,0,2209,9,-0.05114694,4.956577777862549,-0.6697734,4305.7246,5,0.004074242
1442,2,1757,7,-0.023882277,4.242580413818359,1.1194049,3814.2314,1,0.003984064
1404,0,2037,8,-0.043471724,4.9259772300720215,-1.019175,2650.3745,3,0.003927344
1346,0,2037,8,0.032255758,5.829781532287598,-0.2962475,583.25696,2,0.003927344
1331,0,2037,8,0.04413929,4.985197067260742,-0.49438658,2316.1733,2,0.003927344
1382,1,2114,8,0.002514488,4.575791358947754,-0.78258455,3184.6216,2,0.0037842952
729,0,2206,8,0.12375279,5.419731616973877,0.3775865,2042.9913,2,0.0036264732
139,0,2206,8,-0.0058696754,4.791123390197754,-0.2518834,1787.5178,5,0.0036264732
373,0,2207,8,-0.0776361,4.246291160583496,-0.012103075,2630.593,3,0.0036248302
518,0,2207,8,0.024701137,5.668848514556885,-0.74415207,4566.5376,2,0.0036248302
417,0,2207,8,0.02474306,5.729837417602539,-0.65698653,3531.8872,3,0.0036248302
344,0,2207,8,-0.03412003,5.908865928649902,0.26762617,3732.99,2,0.0036248302
459,0,2207,8,-0.03220306,4.343679904937744,-0.7578154,2697.1577,2,0.0036248302
221,0,2208,8,0.04606524,12.175929069519043,-0.049586874,4557.7246,1,0.0036231885
219,1,2208,8,0.023154773,4.932353973388672,-1.7778485,5801.8496,1,0.0036231885
166,0,2208,8,-0.067018576,8.745952606201172,-2.0949607,2862.8188,2,0.0036231885
625,0,2208,8,0.0019930594,4.383581161499023,-0.6551363,2671.9036,2,0.0036231885
249,0,2208,8,0.00065665954,6.452073574066162,0.6483285,4048.0925,1,0.0036231885
156,0,2208,8,-0.02994351,9.42265796661377,-0.20350449,1697.7075,1,0.0036231885
17,0,2209,8,-0.08858466,5.443103790283203,-0.46345088,1149.1335,2,0.0036215482
51,0,2209,8,0.13738784,5.223471641540527,0.3365717,1114.2302,1,0.0036215482
22,0,2209,8,-0.062172707,6.18365478515625,-0.3966859,238.75012,3,0.0036215482
19,0,2209,8,-0.07763855,4.107223033905029,-0.13250801,1792.8202,3,0.0036215482
1383,0,2037,7,-0.045195796,4.067774295806885,-0.8146242,864.8994,3,0.0034364262
1415,0,2037,7,-0.06483838,3.880896806716919,-0.3629617,770.56445,2,0.0034364262
1327,0,2037,7,0.055353396,4.230043888092041,0.87932926,3309.9973,3,0.0034364262
139,3,1244,4,0.11385871,6.095478057861328,-0.804473,3644.2698,1,0.003215434
591,0,2197,7,-0.121025614,4.685372352600098,0.21985312,1709.1921,2,0.003186163
572,0,2205,7,0.038871005,4.696438312530518,0.4903933,4227.0347,2,0.0031746032
714,0,2206,7,-0.03461506,4.762554168701172,1.1379176,3765.054,2,0.003173164
350,0,2207,7,-0.04387012,4.81903076171875,-0.14681709,3073.2188,2,0.0031717264
426,0,2207,7,0.05573977,7.236788749694824,-0.07817655,2464.4487,2,0.0031717264
479,0,2207,7,-0.12368311,3.81516432762146,-0.117898986,1613.6097,1,0.0031717264
176,1,2208,7,-0.16236278,4.613422870635986,-0.8241942,3664.4917,4,0.0031702898
201,0,2208,7,0.0025182308,10.19388198852539,4.1869187,10803.344,1,0.0031702898
206,0,2208,7,-0.041787177,6.404608726501465,1.0431366,4022.5127,1,0.0031702898
209,0,2208,7,0.042069208,8.284704208374023,4.0062003,13328.314,1,0.0031702898
205,0,2208,7,0.012586752,15.568772315979004,-0.28185105,1157.6348,1,0.0031702898
365,0,2208,7,-0.027389944,4.374785423278809,8.412427,32488.16,4,0.0031702898
26,0,2209,7,-0.02129957,5.33726692199707,-0.552834,1707.3052,4,0.0031688546
38,0,2209,7,-0.009222244,4.578790187835693,0.62681043,2519.7297,4,0.0031688546
622,0,2209,7,0.013992325,4.617848873138428,-0.5533401,1712.4669,1,0.0031688546
655,0,2209,7,0.0034280578,5.230382919311523,-0.3689983,3523.0703,1,0.0031688546
609,0,2209,7,0.06687332,4.862703800201416,0.43392652,4893.6475,1,0.0031688546
98,0,2209,7,0.040101264,4.597002029418945,-0.18550344,2338.915,3,0.0031688546
1347,0,2035,6,0.06665954,3.907762050628662,-0.60578525,10606.025,1,0.002948403
1434,0,2036,6,0.01901518,7.123978137969971,-0.1889083,1281.7474,2,0.002946955
1414,0,2037,6,-0.016723204,10.229092597961426,-0.32060623,991.30225,3,0.002945508
1402,0,2037,6,-0.0739746,4.184959411621094,-0.97544074,1152.9342,2,0.002945508
1436,0,2037,6,-0.033990614,4.306214332580566,0.13161565,762.8178,2,0.002945508
1391,2,2037,6,0.04024807,4.316794395446777,-1.3638966,15665.1455,1,0.002945508
1390,0,2037,6,-0.04235988,4.486851692199707,-0.36243448,1366.1045,1,0.002945508
114,3,1381,4,-0.038950633,5.319676399230957,0.027049374,4066.0225,1,0.0028964519
235,1,1833,5,-0.05445053,4.138642311096191,-0.9526403,1533.8091,2,0.0027277686
177,1,2203,6,0.06514115,4.945140838623047,0.26715872,7911.055,1,0.0027235588
688,0,2206,6,0.10209001,4.178436756134033,0.32633248,1993.2656,2,0.002719855
686,0,2206,6,-0.19815227,4.079212188720703,-0.043780304,1194.2899,2,0.002719855
665,0,2206,6,0.0449428,4.546016693115234,-0.6124375,306.43976,1,0.002719855
397,0,2207,6,-0.015480754,4.199387073516846,-0.42034155,1641.9296,1,0.0027186226
319,0,2207,6,0.0248033,4.834190368652344,-0.16339308,614.67206,5,0.0027186226
375,0,2207,6,0.034081828,4.846920967102051,-3.8253515,37874.625,2,0.0027186226
240,3,2208,6,0.058839597,4.054172039031982,0.38287485,1899.8395,2,0.0027173914
277,0,2208,6,-0.028744439,4.8770880699157715,0.48471722,2368.1956,4,0.0027173914
170,0,2208,6,-0.076631434,4.911066055297852,-0.18926294,3174.919,2,0.0027173914
103,0,2209,6,-0.019524576,5.1983208656311035,0.7303891,2716.4277,3,0.002716161
21,0,2209,6,-0.09121442,4.4321465492248535,0.038761657,1335.7839,2,0.002716161
6,0,2209,6,-0.045887128,4.086382865905762,0.069808014,1564.4333,3,0.002716161
75,0,2209,6,0.020488879,4.589787483215332,0.2444938,2186.2773,3,0.002716161
341,0,385,1,0.06409621,3.687441349029541,-0.291691,535.2555,1,0.0025974025
260,3,1943,5,-0.08863291,4.732393741607666,0.991796,3104.6504,1,0.0025733402
1338,0,2035,5,-0.13482928,4.284657001495361,-0.3704251,227.35799,1,0.0024570024
1373,2,2037,5,0.040381968,4.136195182800293,2.0492418,8982.941,1,0.00245459
1369,0,2037,5,-0.045732304,4.087933540344238,-0.098735236,592.49225,1,0.00245459
1365,0,2037,5,-0.050986215,4.239010334014893,0.3232089,3304.2085,2,0.00245459
1333,0,2037,5,-0.08546176,3.8287644386291504,0.0034693,1338.0063,2,0.00245459
1341,0,2037,5,-0.0046674116,3.801144599914551,0.14062473,1142.3456,3,0.00245459
1405,0,2037,5,-0.008032076,3.7790987491607666,-0.7093256,2902.4775,2,0.00245459
1361,1,2114,5,-0.029840957,4.0412774085998535,-0.35740834,876.6792,2,0.0023651845
82,1,2119,5,0.07786763,5.647614002227783,0.43864274,5286.3896,2,0.0023596035
797,0,2175,5,0.00891612,4.441412448883057,3.6572192,77501.016,2,0.0022988506
1394,1,441,1,0.07105257,3.6917884349823,0.16655007,433.82318,1,0.0022675737
203,3,2206,5,-0.072595276,10.432297706604004,1.0271853,2825.7268,1,0.0022665458
672,0,2206,5,0.031339344,5.159468650817871,-0.1723863,300.18927,2,0.0022665458
704,0,2206,5,0.028677145,4.988269329071045,0.6264958,2399.6138,2,0.0022665458
119,0,2206,5,-0.034293633,4.6962385177612305,-0.002339561,4977.854,2,0.0022665458
150,0,2206,5,-0.041589685,3.8473448753356934,-0.8609596,3454.522,1,0.0022665458
149,0,2206,5,-0.10231487,4.182060718536377,-0.2715037,1730.0962,2,0.0022665458
110,0,2206,5,-0.049645446,6.570400714874268,0.112182535,3919.4224,1,0.0022665458
731,0,2206,5,0.050510947,4.048870086669922,0.28178367,1458.3083,2,0.0022665458
454,0,2207,5,-0.10904067,3.967573881149292,-0.37985173,1680.3271,5,0.0022655188
399,0,2207,5,-0.024900714,4.546577453613281,-0.69078565,2310.1143,2,0.0022655188
632,0,2207,5,-0.028021077,4.3972320556640625,-0.19696483,1295.7225,1,0.0022655188
494,0,2207,5,-0.028743591,4.425529956817627,-0.4398525,2056.3374,2,0.0022655188
394,0,2207,5,-0.068994015,5.066816329956055,-0.11661296,1139.8052,2,0.0022655188
322,0,2207,5,0.034540933,4.250240325927734,-0.29065976,1081.8977,1,0.0022655188
212,0,2208,5,0.047693174,7.419434547424316,-0.81223375,8431.381,1,0.0022644927
239,1,2208,5,0.04922679,4.517973899841309,-2.5448155,3357.3176,1,0.0022644927
231,0,2208,5,-0.016820991,12.682048797607422,0.19092584,1572.2186,1,0.0022644927
203,0,2208,5,-0.039827634,8.084270477294922,-0.3891246,3897.459,1,0.0022644927
242,0,2208,5,-0.028020596,6.294936656951904,1.1036446,2494.4353,1,0.0022644927
247,1,2208,5,0.046824243,4.802300930023193,-1.9786229,5576.917,1,0.0022644927
612,0,2208,5,-0.07055771,3.844460964202881,-0.1640304,1221.8268,2,0.0022644927
179,1,2208,5,0.027161226,4.710562705993652,-0.9436878,3536.205,2,0.0022644927
213,0,2208,5,0.07466,4.144402503967285,0.6155654,2813.0286,1,0.0022644927
647,0,2209,5,-0.09178215,5.51713228225708,-1.066902,540.4662,2,0.0022634675
608,0,2209,5,-0.056864407,4.163667678833008,-0.12879138,1687.8125,2,0.0022634675
104,0,2209,5,-0.027033469,4.368674278259277,-0.009892988,1777.9551,1,0.0022634675
23,0,2209,5,0.020910814,4.489140510559082,1.1026402,4209.0195,1,0.0022634675
63,0,2209,5,-0.022958485,3.853755235671997,-0.4777149,1530.7356,2,0.0022634675
594,0,2209,5,-0.016849643,4.297628879547119,-0.5119508,2993.5146,2,0.0022634675
95,0,2209,5,0.07922015,3.988246440887451,0.21648584,2771.3794,2,0.0022634675
94,0,2209,5,-0.107328475,3.763836145401001,-0.3850025,1228.5078,1,0.0022634675
171,3,443,1,-0.04465788,3.949448585510254,-0.6171048,398.2362,1,0.0022573364
1386,0,2036,4,-0.045999132,4.367689609527588,-0.42227486,1434.2338,1,0.0019646366
1375,0,2037,4,-0.002610103,3.909353256225586,-0.34411684,1695.6514,1,0.001963672
1343,0,2037,4,0.021242918,4.271322727203369,-0.26133507,2048.2441,1,0.001963672
1328,0,2037,4,0.015162971,4.0904622077941895,-0.261036,7659.131,1,0.001963672
1389,0,2037,4,-0.04208771,3.7136833667755127,-0.27172467,436.151,2,0.001963672
1392,0,2037,4,-0.02180575,4.550726890563965,-0.52167654,1668.8362,2,0.001963672
1398,0,2037,4,-0.045722917,3.7128713130950928,0.27549025,993.2459,1,0.001963672
793,0,2175,4,-0.025121322,3.8427720069885254,3.2766273,12919.432,1,0.0018390805
703,0,2206,4,0.17026308,4.302382469177246,0.5429162,2368.567,2,0.0018132366
698,0,2206,4,0.057361763,3.739841938018799,0.034869324,1106.5613,1,0.0018132366
718,0,2206,4,0.114018604,4.505190849304199,0.07484225,1293.4034,1,0.0018132366
659,0,2206,4,-0.04360173,3.985316276550293,0.4310966,2054.4905,2,0.0018132366
122,0,2206,4,-0.024415359,4.621352195739746,0.4191121,3588.678,1,0.0018132366
478,0,2207,4,-0.16522178,4.4178948402404785,-0.14034478,1978.6233,1,0.0018124151
370,0,2207,4,-0.122865304,4.471011638641357,-0.01491155,1694.9597,3,0.0018124151
485,0,2207,4,0.0144064585,3.7700395584106445,-0.1998491,2467.983,1,0.0018124151
246,0,2208,4,-0.03503567,6.048123359680176,0.2014326,4056.3774,1,0.0018115942
232,0,2208,4,-0.034621425,9.561470985412598,-0.43386608,1422.2721,1,0.0018115942
18,0,2209,4,0.0108976355,4.604791164398193,4.2197275,12174.298,2,0.0018107741
11,0,2209,4,-0.0041708234,4.279343128204346,-0.39473256,1260.6274,1,0.0018107741
1,0,2209,4,-0.060175546,4.389425277709961,-0.36818397,1355.1992,4,0.0018107741
82,0,2209,4,-0.03539767,3.990626811981201,-0.056453373,915.9515,1,0.0018107741
653,0,2209,4,0.038456008,4.075209140777588,0.07241914,12715.838,1,0.0018107741
80,0,2209,4,0.0018864365,6.3314690589904785,-0.7350481,3997.3364,1,0.0018107741
55,0,2209,4,-0.0069231596,3.8675663471221924,0.1286065,2004.0942,2,0.0018107741
631,0,2209,4,-0.019475713,4.612931728363037,0.21883425,1006.521,2,0.0018107741
634,0,2209,4,0.5858276,3.5492019653320312,-1.8515941,35.82166,1,0.0018107741
79,0,2209,4,-0.032933373,6.507833957672119,0.2826493,3224.5642,1,0.0018107741
187,3,585,1,0.02433291,4.725137710571289,0.44099352,443.40237,1,0.0017094017
260,1,1306,2,0.11309207,3.865114212036133,-2.2091491,1889.0437,2,0.0015313936
1361,0,2035,3,0.00035358392,3.8842275142669678,-0.09228033,2526.6956,1,0.0014742014
1382,0,2037,3,-0.0547759,4.112430572509766,1.6387771,5737.7705,1,0.001472754
1379,0,2037,3,-0.015756726,4.469341278076172,-0.09147273,1512.4578,1,0.001472754
1400,0,2037,3,-0.071021914,3.846618890762329,-0.6462128,585.3866,1,0.001472754
1399,0,2037,3,-0.044508077,4.426352500915527,-0.4236808,1735.1682,1,0.001472754
113,0,2206,3,-0.0113981785,4.1002607345581055,-0.25609645,3636.31,1,0.0013599275
152,0,2206,3,0.022030145,3.785006046295166,-0.24307935,743.07324,1,0.0013599275
690,0,2206,3,-0.083152056,3.7470920085906982,0.3160834,1780.8113,1,0.0013599275
155,0,2206,3,-0.04309235,5.141523361206055,-0.04258405,1978.9974,2,0.0013599275
722,0,2206,3,-0.03770704,4.215871810913086,0.32806316,1821.4589,2,0.0013599275
109,0,2206,3,0.054566782,6.061818599700928,-1.5390317,2238.253,1,0.0013599275
493,0,2207,3,-0.05931395,3.8336341381073,-3.7638512,3629.8223,1,0.0013593113
488,0,2207,3,-0.03151534,4.8815507888793945,-0.24216436,2812.3862,1,0.0013593113
641,0,2207,3,-0.034604594,3.905294179916382,-1.4525183,3001.7483,1,0.0013593113
338,0,2207,3,0.040923156,6.202957630157471,0.89591664,3545.4646,1,0.0013593113
537,0,2207,3,0.019618887,3.717740297317505,0.39165157,3654.5261,1,0.0013593113
240,1,2208,3,0.013721872,4.168376922607422,-1.6345611,3255.696,1,0.0013586957
231,1,2208,3,-0.00060756074,3.9113893508911133,1.1002219,4379.3306,1,0.0013586957
225,3,2208,3,-0.07640812,6.4211554527282715,1.0859234,3853.286,1,0.0013586957
220,0,2208,3,0.0310983,3.869556427001953,0.5984137,2603.6504,2,0.0013586957
253,1,2208,3,0.019120062,5.957667827606201,-0.9999886,2228.257,1,0.0013586957
189,0,2208,3,-0.009728965,3.8082797527313232,-0.40686426,431.88705,2,0.0013586957
286,1,2208,3,-0.039779115,6.673792839050293,-0.49805328,1594.5154,1,0.0013586957
289,0,2208,3,-0.12436917,4.6023101806640625,0.7335261,2680.6758,1,0.0013586957
233,0,2208,3,-0.04002772,3.831108331680298,0.9926477,2751.8057,1,0.0013586957
12,0,2209,3,-0.03810226,3.704472541809082,-0.06404631,1617.4447,1,0.0013580805
73,0,2209,3,-0.06806751,4.237260341644287,-0.018252106,589.65234,2,0.0013580805
578,0,2209,3,0.012212338,3.6875343322753906,0.3987565,2540.8474,1,0.0013580805
24,0,2209,3,0.012169543,4.707018852233887,-0.5209413,2636.7363,1,0.0013580805
77,0,2209,3,-0.0676491,5.531924724578857,-0.09256934,1867.2522,1,0.0013580805
1413,1,911,1,0.05146176,3.6228458881378174,-0.56729513,65.410446,1,0.0010976949
50,1,968,1,0.015764296,4.977912425994873,37.856228,51679.89,1,0.0010330578
1448,0,2017,2,0.047525115,3.7588956356048584,-0.44460997,112.60578,1,0.0009915717
167,1,2032,2,-0.03431495,4.206213474273682,-1.6728951,2336.7896,1,0.000984252
1409,0,2036,2,-0.047417946,3.8050427436828613,-0.8446336,920.11786,1,0.0009823183
1447,0,2036,2,-0.019369174,3.7523300647735596,0.2701813,2785.7964,1,0.0009823183
1339,2,2037,2,-0.052902464,3.820741653442383,1.1042991,5679.9185,1,0.000981836
1358,0,2037,2,0.0032734433,3.801154851913452,0.13183427,1203.9183,2,0.000981836
1441,0,2037,2,0.0271998,3.7983498573303223,1.2681997,4648.0312,1,0.000981836
1391,0,2037,2,0.007910448,3.9703803062438965,-0.18562733,4162.847,1,0.000981836
1432,0,2037,2,-0.05682705,4.279388427734375,-0.58335596,3330.671,1,0.000981836
1423,0,2037,2,-0.084782675,3.675753116607666,-0.7883783,43.860542,1,0.000981836
1337,0,2037,2,-0.0646142,3.901404857635498,0.22091988,986.6549,1,0.000981836
582,0,2165,2,-0.03581007,3.772083282470703,-0.5851823,47.20025,1,0.00092378753
130,0,2206,2,-0.0058583957,4.215616226196289,-0.68712246,796.92474,1,0.0009066183
711,0,2206,2,-0.02526274,3.691145658493042,0.16073367,1343.1399,1,0.0009066183
689,0,2206,2,-0.0690537,3.855853319168091,0.34473395,1752.6992,1,0.0009066183
429,0,2207,2,-0.06711548,5.314003944396973,-0.45616463,215.65143,2,0.00090620754
550,0,2207,2,-0.11310606,4.094332695007324,-0.13699023,1786.1003,2,0.00090620754
469,0,2207,2,0.039731774,3.7112770080566406,0.43938777,1450.9646,1,0.00090620754
395,0,2207,2,-0.03538044,3.5251424312591553,-0.3791464,466.33124,1,0.00090620754
540,0,2207,2,0.05434041,4.3114166259765625,0.9553163,5527.3296,1,0.00090620754
615,0,2207,2,-0.017462417,3.581550359725952,-1.9755684,5815.385,1,0.00090620754
545,0,2207,2,-0.015404228,3.5946664810180664,0.08232333,2645.0308,1,0.00090620754
337,0,2207,2,0.02771098,3.5495474338531494,0.26136592,2718.3743,1,0.00090620754
389,0,2207,2,0.00074470945,3.641887664794922,-0.32819387,1392.0586,2,0.00090620754
581,0,2208,2,-0.020231878,4.734116554260254,0.054324936,742.23364,1,0.0009057971
204,1,2208,2,0.001114556,5.680263042449951,-0.50651824,3120.7642,1,0.0009057971
49,0,2209,2,-0.044534527,4.339701175689697,-0.40407372,1660.1843,2,0.00090538705
89,0,2209,2,0.0049774474,4.771316051483154,-0.77733666,3587.0845,1,0.00090538705
92,0,2209,2,-0.028372318,3.702726125717163,0.15315594,1241.6393,1,0.00090538705
67,0,2209,2,-0.014784081,3.73543643951416,-0.20461835,1863.1448,1,0.00090538705
74,0,2209,2,0.0572808,5.153747081756592,-0.042072896,881.0755,1,0.00090538705
611,0,2209,2,-0.020684665,3.8164749145507812,2.0262816,6794.368,1,0.00090538705
100,0,2209,2,-0.022924745,5.120840072631836,0.012222147,1704.3447,1,0.00090538705
37,0,2209,2,-0.05755585,3.7146201133728027,-0.060882885,2311.538,1,0.00090538705
587,0,2209,2,-0.033734977,4.008907318115234,0.20546402,1478.2582,2,0.00090538705
2,0,2209,2,-0.082318656,3.7915146350860596,-0.21764025,683.7385,1,0.00090538705
573,0,2209,2,0.05486963,3.758197784423828,-0.054646343,1016.2987,2,0.00090538705
576,0,2209,2,0.026413444,5.051148891448975,0.47382286,2692.634,1,0.00090538705
76,0,2209,2,0.0040946226,4.41114616394043,0.55380297,5424.484,1,0.00090538705
33,0,2209,2,0.08613407,3.555985927581787,-0.33698267,2091.5293,1,0.00090538705
117,3,1749,1,-0.057444055,3.7005951404571533,0.064964436,2285.643,1,0.0005717553
1377,0,2034,1,-0.0032861026,3.5359292030334473,-0.13087219,1728.9128,1,0.0004916421
1380,0,2036,1,-0.025604596,3.749648094177246,-0.38436332,3400.254,1,0.00049115915
1429,0,2036,1,-0.019827576,5.024712085723877,-0.9371791,605.152,1,0.00049115915
1401,0,2037,1,-0.05056244,5.39811372756958,-0.45931244,1762.6802,1,0.000490918
1433,0,2037,1,-0.039997023,4.212901592254639,-0.1606733,791.1743,1,0.000490918
1424,0,2037,1,-0.025224825,3.9172613620758057,-0.39727688,584.9289,1,0.000490918
1419,0,2037,1,-0.101250626,3.7225539684295654,-0.5230599,120.89705,1,0.000490918
1344,0,2037,1,-0.0014594581,3.50266432762146,0.60633266,4060.109,1,0.000490918
1363,0,2037,1,-0.06790471,3.500122308731079,-0.39003965,2920.9722,1,0.000490918
1417,2,2037,1,-0.05398292,3.5726029872894287,1.6692717,5021.422,1,0.000490918
651,0,2200,1,-0.035071287,3.700345993041992,0.15751386,1098.4456,1,0.00045454546
660,0,2206,1,-0.19850269,3.6239473819732666,0.23389535,1396.742,1,0.00045330916
692,0,2206,1,-0.03171854,3.542306900024414,-0.37542307,193.67227,1,0.00045330916
697,0,2206,1,0.11849742,4.182775020599365,0.17206325,1468.7666,1,0.00045330916
134,0,2206,1,-0.071552955,3.6193623542785645,0.625967,2889.5176,1,0.00045330916
720,0,2206,1,0.015417004,3.659849166870117,0.4675105,1984.0165,1,0.00045330916
117,0,2206,1,-0.06596631,3.6288387775421143,-0.097309045,1578.3644,1,0.00045330916
717,0,2206,1,0.16110593,3.710010290145874,0.37351096,2070.4805,1,0.00045330916
734,0,2206,1,0.15431882,3.8077051639556885,0.12572278,1454.8223,1,0.00045330916
153,0,2206,1,-0.06412015,3.5762548446655273,-0.2667224,977.3061,1,0.00045330916
728,0,2206,1,0.06708918,4.012417316436768,0.10459911,1063.7303,1,0.00045330916
408,0,2207,1,-0.08889954,3.5004165172576904,-0.09583875,192.53433,1,0.00045310377
529,0,2207,1,-0.008322071,3.5447793006896973,-0.17885047,1017.0148,1,0.00045310377
225,1,2208,1,-0.0032218955,3.668729543685913,-0.9618675,5976.188,1,0.00045289856
192,0,2208,1,0.00758461,10.38494873046875,1.8390989,8259.843,1,0.00045289856
619,0,2208,1,0.03636751,3.9896910190582275,1.0808674,3759.142,1,0.00045289856
201,3,2208,1,-0.041074894,3.776179313659668,0.76089025,3536.414,1,0.00045289856
27,0,2209,1,-0.06715542,3.551729679107666,-0.1252836,1653.7234,1,0.00045269352
14,0,2209,1,-0.006213615,4.009756088256836,0.13296272,2271.518,1,0.00045269352
648,0,2209,1,0.039421856,3.5733208656311035,5.906308,18833.77,1,0.00045269352
61,0,2209,1,0.04042941,3.7819652557373047,-0.9681845,1457.6755,1,0.00045269352
645,0,2209,1,0.010781693,3.762197971343994,-1.4275842,23684.656,1,0.00045269352
58,0,2209,1,0.042776506,3.9007375240325928,-0.86665183,2225.2788,1,0.00045269352
57,0,2209,1,0.019321695,3.6067469120025635,-0.62647,2670.1047,1,0.00045269352
617,0,2209,1,0.017600875,4.07849645614624,0.8892394,7635.8223,1,0.00045269352
56,0,2209,1,0.038273077,3.606602191925049,-0.7175266,1402.9038,1,0.00045269352
90,0,2209,1,-0.009501613,3.9563827514648438,0.22006601,1976.2219,1,0.00045269352
46,0,2209,1,0.11378983,3.9671409130096436,-0.47232756,530.35657,1,0.00045269352
81,0,2209,1,0.13297957,3.7581942081451416,-0.26618606,178.73247,1,0.00045269352
5,0,2209,1,-0.10940909,3.6516687870025635,-0.28363633,623.10126,1,0.00045269352
71,0,2209,1,0.056859363,4.255743026733398,1.716208,3855.5286,1,0.00045269352
84,0,2209,1,-0.034866974,3.5817582607269287,-0.23600087,621.85486,1,0.00045269352
567,0,2209,1,0.040648263,3.524064064025879,-0.24291818,2778.7432,1,0.00045269352
596,0,2209,0,-0.0063380217,3.450836181640625,-0.087204196,645.3607,0,0.0
228,3,111,0,-0.07544306,2.8303372859954834,-0.27245176,157.0166,0,0.0
1422,0,2037,0,-0.033002187,3.387948751449585,-0.28296,753.23804,0,0.0
101,0,2208,0,-0.026309978,3.3916330337524414,0.28829366,1837.2579,0,0.0
34,0,2209,0,0.037345275,3.3135106563568115,-0.9273091,1684.865,0,0.0
226,3,1456,0,-0.048084103,2.9916436672210693,-0.52921855,101.34048,0,0.0
35,0,2209,0,0.052604154,3.179811954498291,-0.6998571,1606.7152,0,0.0
252,1,6,0,0.0,0.0,-0.81567055,0.0,0,0.0
473,0,2207,0,-0.01601227,3.2233774662017822,-0.3793523,2813.9375,0,0.0
1418,0,2037,0,-0.054563086,3.061062812805176,-0.41437757,884.97424,0,0.0
600,0,2209,0,-0.0010438422,3.074836492538452,0.025693875,1421.821,0,0.0
505,0,2207,0,0.01859711,3.306540012359619,0.23501492,1796.5454,0,0.0
99,0,2209,0,0.058627736,3.4469377994537354,-0.5887793,263.90497,0,0.0
710,0,2206,0,0.020424206,3.020113706588745,-0.016986763,1131.4396,0,0.0
1336,1,2074,0,-0.09377574,1.3822033405303955,-1.35671,21.491524,0,0.0
186,0,2206,0,0.049057037,1.8009610176086426,-1.0716816,184.4591,0,0.0
8,0,2209,0,-0.023521228,3.0378098487854004,0.3120751,2708.277,0,0.0
1350,0,2034,0,0.0044148196,3.0858287811279297,-1.4886929,6634.362,0,0.0
126,0,2206,0,0.012916699,2.9497973918914795,-0.4586559,2044.7203,0,0.0
4,0,2209,0,-0.03326981,3.308382034301758,-0.03371945,4578.459,0,0.0
556,0,2207,0,-0.004733927,3.220806121826172,4.6879272,22398.102,0,0.0
559,0,2207,0,0.0065489262,3.359821081161499,-0.26097268,2178.5884,0,0.0
146,0,2206,0,-0.0112886485,3.329118251800537,-0.23125438,721.3163,0,0.0
565,0,2206,0,-0.016764225,3.4853627681732178,0.008785035,996.07794,0,0.0
566,0,2148,0,0.48423746,3.029560089111328,-1.5457199,58.942642,0,0.0
579,0,2191,0,0.19089836,2.884646415710449,-1.0659308,130.8635,0,0.0
568,0,2206,0,-0.08184584,3.478334665298462,-0.066258594,896.283,0,0.0
544,0,2015,0,0.02725745,3.423384428024292,0.52433115,2201.7993,0,0.0
1435,0,2037,0,-0.0009040058,2.913222312927246,-0.24505916,158.15636,0,0.0
1342,0,2037,0,0.009712418,3.2154057025909424,0.08321304,1536.0249,0,0.0
115,0,2206,0,0.01542819,3.344059467315674,0.15050465,5689.972,0,0.0
1340,0,2037,0,-0.019798746,2.521165370941162,0.33451158,5575.8076,0,0.0
1416,0,2037,0,0.0066209305,2.807431697845459,-0.4774119,758.56555,0,0.0
1417,0,2037,0,0.017991485,3.0941808223724365,0.1577197,3966.6768,0,0.0
1412,0,2037,0,-0.06574761,3.410508871078491,-0.2106001,753.17847,0,0.0
606,0,2209,0,-0.02239578,3.348935604095459,0.63222146,1859.598,0,0.0
680,0,2206,0,-0.22766373,3.404740333557129,0.18506561,1228.083,0,0.0
297,0,2207,0,-0.0117772035,3.3545620441436768,0.056566905,3308.8618,0,0.0
131,0,2206,0,-0.061471216,3.307039737701416,0.8493624,4266.266,0,0.0
662,0,2206,0,-0.04492706,3.155043363571167,0.07724071,1066.1487,0,0.0
66,0,2209,0,-0.048427913,3.387779712677002,-0.0018767171,1643.9537,0,0.0
1396,0,2037,0,0.037345305,3.4750757217407227,-0.15160337,802.6869,0,0.0
666,0,2206,0,-0.04068916,2.8601596355438232,-0.04130784,1195.856,0,0.0
70,0,2209,0,-0.02861215,3.065293073654175,0.3926232,1115.9075,0,0.0
670,0,2206,0,-0.072251886,3.362851619720459,0.4857414,2080.0447,0,0.0
304,0,2207,0,0.32782224,3.031067371368408,-1.0592841,39.998,0,0.0
725,0,2206,0,0.19327442,3.19358229637146,0.024011856,1321.5918,0,0.0
683,0,2206,0,-0.0879768,3.236440658569336,-0.34665596,750.23926,0,0.0
715,0,2206,0,0.2016522,3.309203624725342,0.6783324,2493.82,0,0.0
83,0,2209,0,0.22455065,1.8178216218948364,-1.2448819,168.3361,0,0.0
694,0,2206,0,-0.033209585,3.4971377849578857,0.7307464,2479.4072,0,0.0
713,0,2206,0,0.010884406,3.403696060180664,0.033670485,1084.7427,0,0.0
700,0,2206,0,-0.03274669,2.58406662940979,-0.062351488,1271.6199,0,0.0
712,0,2206,0,0.28780752,2.932539701461792,-0.17418116,1138.0834,0,0.0
705,0,2206,0,0.06890111,3.495748996734619,0.30064058,1705.5122,0,0.0
658,0,2206,0,-0.11566078,3.4364256858825684,1.2279068,3434.2573,0,0.0
62,0,2209,0,0.047645308,3.2056171894073486,-0.5160269,2098.2546,0,0.0
741,0,2206,0,-0.11050267,3.1498630046844482,0.14180663,1338.756,0,0.0
48,0,2208,0,0.003991425,3.3710758686065674,-0.32202402,1115.2395,0,0.0
97,0,2209,0,0.014655395,3.290893316268921,-0.57192063,2011.4773,0,0.0
96,0,2209,0,-0.031746406,3.489938974380493,0.084552534,2474.096,0,0.0
613,0,2197,0,0.42496926,2.391098976135254,-1.2503856,123.611496,0,0.0
1413,0,2037,0,-0.077755794,3.281890630722046,-0.5030071,850.78876,0,0.0
44,0,2209,0,0.19728133,3.2793941497802734,-0.517226,413.54236,0,0.0
45,0,2209,0,0.22923426,1.6059104204177856,-1.463215,16.183275,0,0.0
706,0,2206,0,0.12338407,3.3536274433135986,0.04136753,1205.2185,0,0.0
461,0,2207,0,-0.035514634,3.424105405807495,-0.22467606,2587.8135,0,0.0
740,0,2206,0,0.0,0.0,-2.1821005,0.0,0,0.0
638,0,2209,0,0.099388614,2.911364793777466,-0.3837847,382.2388,0,0.0
737,0,2206,0,-0.19753453,3.1093790531158447,-0.69307905,565.7434,0,0.0
50,0,2209,0,-0.064229146,3.1429808139801025,-0.67996114,64.65001,0,0.0
1378,0,2037,0,0.004898092,2.8056864738464355,-0.6016887,6257.134,0,0.0
620,0,2209,0,-0.023507036,3.0596134662628174,0.47321725,19529.871,0,0.0
457,0,2207,0,-0.041883238,3.3919944763183594,-0.4609202,2215.6074,0,0.0
628,0,2209,0,-0.03457025,3.0596537590026855,-0.41574252,710.39124,0,0.0
635,0,2146,0,0.08512966,3.104691982269287,-0.73109484,8.975168,0,0.0
637,0,2182,0,0.4705722,2.542752981185913,-1.8105658,27.511772,0,0.0
661,0,2206,0,0.11659231,2.5055618286132812,-0.31498292,749.59515,0,0.0
